time=2026-02-19T18:59:33.501+09:00 level=INFO msg="Daemon started (interval: %v, auto-commit: %v, auto-push: %v)" !BADKEY=5s !BADKEY=false !BADKEY=false
time=2026-02-19T18:59:33.501+09:00 level=INFO msg="using database" path=/home/zhugehyuk/clawd/mission-control/.beads/beads.db
time=2026-02-19T18:59:33.525+09:00 level=INFO msg="database opened" path=/home/zhugehyuk/clawd/mission-control/.beads/beads.db backend=sqlite freshness_checking=true
time=2026-02-19T18:59:33.525+09:00 level=INFO msg="upgrading .beads/.gitignore"
time=2026-02-19T18:59:33.525+09:00 level=WARN msg="failed to upgrade .gitignore" error="open .beads/.gitignore: no such file or directory"
time=2026-02-19T18:59:33.526+09:00 level=INFO msg="Repository fingerprint validated: %s" !BADKEY=49f4ae7b
time=2026-02-19T18:59:33.526+09:00 level=INFO msg="starting RPC server" socket=/home/zhugehyuk/clawd/mission-control/.beads/bd.sock
time=2026-02-19T18:59:33.527+09:00 level=INFO msg="RPC server ready (socket listening)"
time=2026-02-19T18:59:33.531+09:00 level=INFO msg="registered in global registry"
time=2026-02-19T18:59:33.531+09:00 level=INFO msg="Starting %s..." !BADKEY="sync cycle"
time=2026-02-19T18:59:33.532+09:00 level=INFO msg="Exported to JSONL"
time=2026-02-19T18:59:33.975+09:00 level=INFO msg="Pulled from remote"
time=2026-02-19T18:59:33.981+09:00 level=INFO msg="Imported from JSONL"
time=2026-02-19T18:59:33.987+09:00 level=INFO msg="Sync cycle complete"
time=2026-02-19T18:59:33.987+09:00 level=INFO msg="monitoring parent process" pid=0
time=2026-02-19T18:59:33.987+09:00 level=INFO msg="using event-driven mode"
time=2026-02-19T18:59:33.988+09:00 level=INFO msg="Auto-pull disabled: use 'git pull' manually to sync remote changes"
time=2026-02-19T19:00:22.135+09:00 level=INFO msg="Mutation detected: %s %s" create=mc-b1j
time=2026-02-19T19:00:22.169+09:00 level=INFO msg="Mutation detected: %s %s" create=mc-6yy
time=2026-02-19T19:00:22.202+09:00 level=INFO msg="Mutation detected: %s %s" create=mc-p7w
time=2026-02-19T19:00:22.235+09:00 level=INFO msg="Mutation detected: %s %s" create=mc-l64
time=2026-02-19T19:00:22.735+09:00 level=INFO msg="Export triggered by mutation events"
time=2026-02-19T19:00:22.736+09:00 level=INFO msg="Starting %s..." !BADKEY=export
time=2026-02-19T19:00:22.737+09:00 level=INFO msg="JSONL file created: %s" !BADKEY=/home/zhugehyuk/clawd/mission-control/.beads/issues.jsonl
time=2026-02-19T19:00:22.737+09:00 level=INFO msg="Exported to JSONL"
time=2026-02-19T19:00:22.737+09:00 level=INFO msg="Export complete"
time=2026-02-19T19:00:25.394+09:00 level=INFO msg="Import triggered by file change"
time=2026-02-19T19:00:25.394+09:00 level=INFO msg="Starting %s..." !BADKEY=auto-import
time=2026-02-19T19:00:25.394+09:00 level=INFO msg="JSONL content changed, proceeding with %s..." !BADKEY=auto-import
time=2026-02-19T19:00:25.395+09:00 level=INFO msg="⚠️  WARNING: Uncommitted local changes detected in %s" !BADKEY=/home/zhugehyuk/clawd/mission-control/.beads/issues.jsonl
time=2026-02-19T19:00:25.395+09:00 level=INFO msg="   Pulling from remote may overwrite local unpushed changes."
time=2026-02-19T19:00:25.395+09:00 level=INFO msg="   Consider running 'bd sync' to commit and push your changes first."
time=2026-02-19T19:00:25.922+09:00 level=INFO msg="Pulled from remote"
time=2026-02-19T19:00:25.923+09:00 level=INFO msg="Imported from JSONL"
time=2026-02-19T19:00:25.923+09:00 level=INFO msg="Auto-import complete"
time=2026-02-19T19:06:37.129+09:00 level=INFO msg="JSONL file created: %s" !BADKEY=/home/zhugehyuk/clawd/mission-control/.beads/issues.jsonl
time=2026-02-19T19:06:37.130+09:00 level=INFO msg="File change detected: %s" !BADKEY=/home/zhugehyuk/clawd/mission-control/.beads/issues.jsonl
time=2026-02-19T19:06:37.136+09:00 level=INFO msg="Git ref change detected: %s" !BADKEY=/home/zhugehyuk/clawd/mission-control/.git/refs/heads/main.lock
time=2026-02-19T19:06:38.137+09:00 level=INFO msg="Import triggered by file change"
time=2026-02-19T19:06:38.138+09:00 level=INFO msg="Starting %s..." !BADKEY=auto-import
time=2026-02-19T19:06:38.147+09:00 level=INFO msg="Skipping %s: JSONL content unchanged" !BADKEY=auto-import
time=2026-02-19T19:13:24.501+09:00 level=INFO msg="Mutation detected: %s %s" comment=mc-p7w
time=2026-02-19T19:13:25.002+09:00 level=INFO msg="Export triggered by mutation events"
time=2026-02-19T19:13:25.003+09:00 level=INFO msg="Starting %s..." !BADKEY=export
time=2026-02-19T19:13:25.004+09:00 level=INFO msg="JSONL file created: %s" !BADKEY=/home/zhugehyuk/clawd/mission-control/.beads/issues.jsonl
time=2026-02-19T19:13:25.004+09:00 level=INFO msg="Exported to JSONL"
time=2026-02-19T19:13:25.005+09:00 level=INFO msg="Export complete"
time=2026-02-19T19:13:26.005+09:00 level=INFO msg="Import triggered by file change"
time=2026-02-19T19:13:26.005+09:00 level=INFO msg="Starting %s..." !BADKEY=auto-import
time=2026-02-19T19:13:26.006+09:00 level=INFO msg="JSONL content changed, proceeding with %s..." !BADKEY=auto-import
time=2026-02-19T19:13:26.009+09:00 level=INFO msg="⚠️  WARNING: Uncommitted local changes detected in %s" !BADKEY=/home/zhugehyuk/clawd/mission-control/.beads/issues.jsonl
time=2026-02-19T19:13:26.009+09:00 level=INFO msg="   Pulling from remote may overwrite local unpushed changes."
time=2026-02-19T19:13:26.009+09:00 level=INFO msg="   Consider running 'bd sync' to commit and push your changes first."
time=2026-02-19T19:13:26.509+09:00 level=INFO msg="Pulled from remote"
time=2026-02-19T19:13:26.511+09:00 level=INFO msg="Imported from JSONL"
time=2026-02-19T19:13:26.511+09:00 level=INFO msg="Auto-import complete"
time=2026-02-19T19:13:30.456+09:00 level=INFO msg="Mutation detected: %s %s" create=mc-9yb
time=2026-02-19T19:13:30.956+09:00 level=INFO msg="Export triggered by mutation events"
time=2026-02-19T19:13:30.956+09:00 level=INFO msg="Starting %s..." !BADKEY=export
time=2026-02-19T19:13:30.956+09:00 level=INFO msg="Pre-export validation failed: %v" !BADKEY="refusing to export: JSONL content has changed since last import (import first to avoid data loss)"
time=2026-02-19T19:14:34.536+09:00 level=INFO msg="Mutation detected: %s %s" create=mc-jbn
time=2026-02-19T19:14:35.036+09:00 level=INFO msg="Export triggered by mutation events"
time=2026-02-19T19:14:35.037+09:00 level=INFO msg="Starting %s..." !BADKEY=export
time=2026-02-19T19:14:35.037+09:00 level=INFO msg="Pre-export validation failed: %v" !BADKEY="refusing to export: JSONL content has changed since last import (import first to avoid data loss)"
time=2026-02-19T19:17:36.319+09:00 level=INFO msg="Mutation detected: %s %s" comment=mc-p7w
time=2026-02-19T19:17:36.819+09:00 level=INFO msg="Export triggered by mutation events"
time=2026-02-19T19:17:36.820+09:00 level=INFO msg="Starting %s..." !BADKEY=export
time=2026-02-19T19:17:36.821+09:00 level=INFO msg="Pre-export validation failed: %v" !BADKEY="refusing to export: JSONL content has changed since last import (import first to avoid data loss)"
time=2026-02-19T19:17:40.845+09:00 level=INFO msg="Mutation detected: %s %s" create=mc-ccg
time=2026-02-19T19:17:41.345+09:00 level=INFO msg="Export triggered by mutation events"
time=2026-02-19T19:17:41.346+09:00 level=INFO msg="Starting %s..." !BADKEY=export
time=2026-02-19T19:17:41.346+09:00 level=INFO msg="Pre-export validation failed: %v" !BADKEY="refusing to export: JSONL content has changed since last import (import first to avoid data loss)"
time=2026-02-19T19:19:03.574+09:00 level=INFO msg="Mutation detected: %s %s" comment=mc-l64
time=2026-02-19T19:19:04.075+09:00 level=INFO msg="Export triggered by mutation events"
time=2026-02-19T19:19:04.075+09:00 level=INFO msg="Starting %s..." !BADKEY=export
time=2026-02-19T19:19:04.076+09:00 level=INFO msg="Pre-export validation failed: %v" !BADKEY="refusing to export: JSONL content has changed since last import (import first to avoid data loss)"
time=2026-02-19T19:19:38.135+09:00 level=INFO msg="Mutation detected: %s %s" create=mc-b1j.1
time=2026-02-19T19:19:38.635+09:00 level=INFO msg="Export triggered by mutation events"
time=2026-02-19T19:19:38.636+09:00 level=INFO msg="Starting %s..." !BADKEY=export
time=2026-02-19T19:19:38.636+09:00 level=INFO msg="Pre-export validation failed: %v" !BADKEY="refusing to export: JSONL content has changed since last import (import first to avoid data loss)"
time=2026-02-19T19:19:46.841+09:00 level=INFO msg="Mutation detected: %s %s" create=mc-b1j.2
time=2026-02-19T19:19:47.341+09:00 level=INFO msg="Export triggered by mutation events"
time=2026-02-19T19:19:47.341+09:00 level=INFO msg="Starting %s..." !BADKEY=export
time=2026-02-19T19:19:47.342+09:00 level=INFO msg="Pre-export validation failed: %v" !BADKEY="refusing to export: JSONL content has changed since last import (import first to avoid data loss)"
time=2026-02-19T19:19:53.708+09:00 level=INFO msg="Mutation detected: %s %s" create=mc-b1j.3
time=2026-02-19T19:19:54.209+09:00 level=INFO msg="Export triggered by mutation events"
time=2026-02-19T19:19:54.209+09:00 level=INFO msg="Starting %s..." !BADKEY=export
time=2026-02-19T19:19:54.209+09:00 level=INFO msg="Pre-export validation failed: %v" !BADKEY="refusing to export: JSONL content has changed since last import (import first to avoid data loss)"
time=2026-02-19T19:19:58.887+09:00 level=INFO msg="Mutation detected: %s %s" create=mc-b1j.4
time=2026-02-19T19:19:59.388+09:00 level=INFO msg="Export triggered by mutation events"
time=2026-02-19T19:19:59.388+09:00 level=INFO msg="Starting %s..." !BADKEY=export
time=2026-02-19T19:19:59.389+09:00 level=INFO msg="Pre-export validation failed: %v" !BADKEY="refusing to export: JSONL content has changed since last import (import first to avoid data loss)"
time=2026-02-19T19:20:04.919+09:00 level=INFO msg="Mutation detected: %s %s" create=mc-b1j.5
time=2026-02-19T19:20:05.419+09:00 level=INFO msg="Export triggered by mutation events"
time=2026-02-19T19:20:05.419+09:00 level=INFO msg="Starting %s..." !BADKEY=export
time=2026-02-19T19:20:05.419+09:00 level=INFO msg="Pre-export validation failed: %v" !BADKEY="refusing to export: JSONL content has changed since last import (import first to avoid data loss)"
time=2026-02-19T19:20:12.482+09:00 level=INFO msg="Mutation detected: %s %s" create=mc-b1j.6
time=2026-02-19T19:20:12.982+09:00 level=INFO msg="Export triggered by mutation events"
time=2026-02-19T19:20:12.983+09:00 level=INFO msg="Starting %s..." !BADKEY=export
time=2026-02-19T19:20:12.983+09:00 level=INFO msg="Pre-export validation failed: %v" !BADKEY="refusing to export: JSONL content has changed since last import (import first to avoid data loss)"
time=2026-02-19T19:20:21.313+09:00 level=INFO msg="Mutation detected: %s %s" create=mc-b1j.7
time=2026-02-19T19:20:21.814+09:00 level=INFO msg="Export triggered by mutation events"
time=2026-02-19T19:20:21.814+09:00 level=INFO msg="Starting %s..." !BADKEY=export
time=2026-02-19T19:20:21.815+09:00 level=INFO msg="Pre-export validation failed: %v" !BADKEY="refusing to export: JSONL content has changed since last import (import first to avoid data loss)"
time=2026-02-19T19:20:27.404+09:00 level=INFO msg="Mutation detected: %s %s" create=mc-b1j.8
time=2026-02-19T19:20:27.904+09:00 level=INFO msg="Export triggered by mutation events"
time=2026-02-19T19:20:27.905+09:00 level=INFO msg="Starting %s..." !BADKEY=export
time=2026-02-19T19:20:27.905+09:00 level=INFO msg="Pre-export validation failed: %v" !BADKEY="refusing to export: JSONL content has changed since last import (import first to avoid data loss)"
time=2026-02-19T19:20:34.249+09:00 level=INFO msg="Mutation detected: %s %s" create=mc-b1j.9
time=2026-02-19T19:20:34.750+09:00 level=INFO msg="Export triggered by mutation events"
time=2026-02-19T19:20:34.750+09:00 level=INFO msg="Starting %s..." !BADKEY=export
time=2026-02-19T19:20:34.750+09:00 level=INFO msg="Pre-export validation failed: %v" !BADKEY="refusing to export: JSONL content has changed since last import (import first to avoid data loss)"
time=2026-02-19T19:20:42.025+09:00 level=INFO msg="Mutation detected: %s %s" create=mc-b1j.10
time=2026-02-19T19:20:42.526+09:00 level=INFO msg="Export triggered by mutation events"
time=2026-02-19T19:20:42.526+09:00 level=INFO msg="Starting %s..." !BADKEY=export
time=2026-02-19T19:20:42.527+09:00 level=INFO msg="Pre-export validation failed: %v" !BADKEY="refusing to export: JSONL content has changed since last import (import first to avoid data loss)"
time=2026-02-19T19:20:49.696+09:00 level=INFO msg="Mutation detected: %s %s" create=mc-b1j.11
time=2026-02-19T19:20:50.199+09:00 level=INFO msg="Export triggered by mutation events"
time=2026-02-19T19:20:50.200+09:00 level=INFO msg="Starting %s..." !BADKEY=export
time=2026-02-19T19:20:50.200+09:00 level=INFO msg="Pre-export validation failed: %v" !BADKEY="refusing to export: JSONL content has changed since last import (import first to avoid data loss)"
time=2026-02-19T19:20:58.741+09:00 level=INFO msg="Mutation detected: %s %s" create=mc-b1j.12
time=2026-02-19T19:20:59.241+09:00 level=INFO msg="Export triggered by mutation events"
time=2026-02-19T19:20:59.241+09:00 level=INFO msg="Starting %s..." !BADKEY=export
time=2026-02-19T19:20:59.241+09:00 level=INFO msg="Pre-export validation failed: %v" !BADKEY="refusing to export: JSONL content has changed since last import (import first to avoid data loss)"
time=2026-02-19T19:21:06.118+09:00 level=INFO msg="Mutation detected: %s %s" create=mc-b1j.13
time=2026-02-19T19:21:06.619+09:00 level=INFO msg="Export triggered by mutation events"
time=2026-02-19T19:21:06.619+09:00 level=INFO msg="Starting %s..." !BADKEY=export
time=2026-02-19T19:21:06.619+09:00 level=INFO msg="Pre-export validation failed: %v" !BADKEY="refusing to export: JSONL content has changed since last import (import first to avoid data loss)"
time=2026-02-19T19:21:13.505+09:00 level=INFO msg="Mutation detected: %s %s" create=mc-b1j.14
time=2026-02-19T19:21:14.005+09:00 level=INFO msg="Export triggered by mutation events"
time=2026-02-19T19:21:14.005+09:00 level=INFO msg="Starting %s..." !BADKEY=export
time=2026-02-19T19:21:14.005+09:00 level=INFO msg="Pre-export validation failed: %v" !BADKEY="refusing to export: JSONL content has changed since last import (import first to avoid data loss)"
time=2026-02-19T19:21:20.243+09:00 level=INFO msg="Mutation detected: %s %s" create=mc-b1j.15
time=2026-02-19T19:21:20.743+09:00 level=INFO msg="Export triggered by mutation events"
time=2026-02-19T19:21:20.744+09:00 level=INFO msg="Starting %s..." !BADKEY=export
time=2026-02-19T19:21:20.744+09:00 level=INFO msg="Pre-export validation failed: %v" !BADKEY="refusing to export: JSONL content has changed since last import (import first to avoid data loss)"
time=2026-02-19T19:21:30.127+09:00 level=INFO msg="Mutation detected: %s %s" create=mc-6yy.1
time=2026-02-19T19:21:30.627+09:00 level=INFO msg="Export triggered by mutation events"
time=2026-02-19T19:21:30.627+09:00 level=INFO msg="Starting %s..." !BADKEY=export
time=2026-02-19T19:21:30.627+09:00 level=INFO msg="Pre-export validation failed: %v" !BADKEY="refusing to export: JSONL content has changed since last import (import first to avoid data loss)"
time=2026-02-19T19:21:36.854+09:00 level=INFO msg="Mutation detected: %s %s" create=mc-6yy.2
time=2026-02-19T19:21:37.355+09:00 level=INFO msg="Export triggered by mutation events"
time=2026-02-19T19:21:37.355+09:00 level=INFO msg="Starting %s..." !BADKEY=export
time=2026-02-19T19:21:37.356+09:00 level=INFO msg="Pre-export validation failed: %v" !BADKEY="refusing to export: JSONL content has changed since last import (import first to avoid data loss)"
time=2026-02-19T19:21:43.758+09:00 level=INFO msg="Mutation detected: %s %s" create=mc-6yy.3
time=2026-02-19T19:21:44.259+09:00 level=INFO msg="Export triggered by mutation events"
time=2026-02-19T19:21:44.259+09:00 level=INFO msg="Starting %s..." !BADKEY=export
time=2026-02-19T19:21:44.259+09:00 level=INFO msg="Pre-export validation failed: %v" !BADKEY="refusing to export: JSONL content has changed since last import (import first to avoid data loss)"
time=2026-02-19T19:21:50.519+09:00 level=INFO msg="Mutation detected: %s %s" create=mc-6yy.4
time=2026-02-19T19:21:51.020+09:00 level=INFO msg="Export triggered by mutation events"
time=2026-02-19T19:21:51.020+09:00 level=INFO msg="Starting %s..." !BADKEY=export
time=2026-02-19T19:21:51.020+09:00 level=INFO msg="Pre-export validation failed: %v" !BADKEY="refusing to export: JSONL content has changed since last import (import first to avoid data loss)"
time=2026-02-19T19:21:55.783+09:00 level=INFO msg="Mutation detected: %s %s" update=mc-b1j.6
time=2026-02-19T19:21:55.809+09:00 level=INFO msg="Mutation detected: %s %s" update=mc-b1j.8
time=2026-02-19T19:21:55.835+09:00 level=INFO msg="Mutation detected: %s %s" update=mc-b1j.13
time=2026-02-19T19:21:55.860+09:00 level=INFO msg="Mutation detected: %s %s" update=mc-6yy.1
time=2026-02-19T19:21:55.887+09:00 level=INFO msg="Mutation detected: %s %s" update=mc-6yy.1
time=2026-02-19T19:21:56.389+09:00 level=INFO msg="Export triggered by mutation events"
time=2026-02-19T19:21:56.389+09:00 level=INFO msg="Starting %s..." !BADKEY=export
time=2026-02-19T19:21:56.390+09:00 level=INFO msg="Pre-export validation failed: %v" !BADKEY="refusing to export: JSONL content has changed since last import (import first to avoid data loss)"
time=2026-02-19T19:22:18.710+09:00 level=INFO msg="Mutation detected: %s %s" update=""
time=2026-02-19T19:22:19.211+09:00 level=INFO msg="Export triggered by mutation events"
time=2026-02-19T19:22:19.211+09:00 level=INFO msg="Starting %s..." !BADKEY=export
time=2026-02-19T19:22:19.211+09:00 level=INFO msg="Pre-export validation failed: %v" !BADKEY="refusing to export: JSONL content has changed since last import (import first to avoid data loss)"
time=2026-02-19T19:22:26.394+09:00 level=INFO msg="Mutation detected: %s %s" update=""
time=2026-02-19T19:22:26.420+09:00 level=INFO msg="Mutation detected: %s %s" update=""
time=2026-02-19T19:22:26.444+09:00 level=INFO msg="Mutation detected: %s %s" update=""
time=2026-02-19T19:22:26.469+09:00 level=INFO msg="Mutation detected: %s %s" update=""
time=2026-02-19T19:22:26.970+09:00 level=INFO msg="Export triggered by mutation events"
time=2026-02-19T19:22:26.970+09:00 level=INFO msg="Starting %s..." !BADKEY=export
time=2026-02-19T19:22:26.970+09:00 level=INFO msg="Pre-export validation failed: %v" !BADKEY="refusing to export: JSONL content has changed since last import (import first to avoid data loss)"
time=2026-02-19T19:22:31.961+09:00 level=INFO msg="Mutation detected: %s %s" update=mc-b1j.7
time=2026-02-19T19:22:31.998+09:00 level=INFO msg="Mutation detected: %s %s" update=mc-b1j.9
time=2026-02-19T19:22:32.024+09:00 level=INFO msg="Mutation detected: %s %s" update=mc-b1j.14
time=2026-02-19T19:22:32.050+09:00 level=INFO msg="Mutation detected: %s %s" update=mc-6yy.2
time=2026-02-19T19:22:32.078+09:00 level=INFO msg="Mutation detected: %s %s" update=mc-6yy.4
time=2026-02-19T19:22:32.105+09:00 level=INFO msg="Mutation detected: %s %s" update=mc-6yy.3
time=2026-02-19T19:22:32.606+09:00 level=INFO msg="Export triggered by mutation events"
time=2026-02-19T19:22:32.606+09:00 level=INFO msg="Starting %s..." !BADKEY=export
time=2026-02-19T19:22:32.606+09:00 level=INFO msg="Pre-export validation failed: %v" !BADKEY="refusing to export: JSONL content has changed since last import (import first to avoid data loss)"
time=2026-02-19T19:23:05.902+09:00 level=INFO msg="Mutation detected: %s %s" comment=mc-p7w
time=2026-02-19T19:23:06.405+09:00 level=INFO msg="Export triggered by mutation events"
time=2026-02-19T19:23:06.406+09:00 level=INFO msg="Starting %s..." !BADKEY=export
time=2026-02-19T19:23:06.406+09:00 level=INFO msg="Pre-export validation failed: %v" !BADKEY="refusing to export: JSONL content has changed since last import (import first to avoid data loss)"
time=2026-02-19T19:23:35.553+09:00 level=INFO msg="Mutation detected: %s %s" comment=mc-b1j
time=2026-02-19T19:23:36.054+09:00 level=INFO msg="Export triggered by mutation events"
time=2026-02-19T19:23:36.054+09:00 level=INFO msg="Starting %s..." !BADKEY=export
time=2026-02-19T19:23:36.054+09:00 level=INFO msg="Pre-export validation failed: %v" !BADKEY="refusing to export: JSONL content has changed since last import (import first to avoid data loss)"
time=2026-02-19T19:23:41.138+09:00 level=INFO msg="Mutation detected: %s %s" comment=mc-6yy
time=2026-02-19T19:23:43.209+09:00 level=INFO msg="Export triggered by mutation events"
time=2026-02-19T19:23:43.209+09:00 level=INFO msg="Starting %s..." !BADKEY=export
time=2026-02-19T19:23:43.209+09:00 level=INFO msg="Pre-export validation failed: %v" !BADKEY="refusing to export: JSONL content has changed since last import (import first to avoid data loss)"
time=2026-02-19T19:29:46.640+09:00 level=INFO msg="Mutation detected: %s %s" status=mc-jbn
time=2026-02-19T19:29:46.676+09:00 level=INFO msg="Mutation detected: %s %s" status=mc-b1j.12
time=2026-02-19T19:29:46.710+09:00 level=INFO msg="Mutation detected: %s %s" status=mc-b1j.10
time=2026-02-19T19:29:47.211+09:00 level=INFO msg="Export triggered by mutation events"
time=2026-02-19T19:29:47.211+09:00 level=INFO msg="Starting %s..." !BADKEY=export
time=2026-02-19T19:29:47.212+09:00 level=INFO msg="Pre-export validation failed: %v" !BADKEY="refusing to export: JSONL content has changed since last import (import first to avoid data loss)"
time=2026-02-19T19:32:07.578+09:00 level=INFO msg="JSONL file created: %s" !BADKEY=/home/zhugehyuk/clawd/mission-control/.beads/issues.jsonl
time=2026-02-19T19:32:07.578+09:00 level=INFO msg="File change detected: %s" !BADKEY=/home/zhugehyuk/clawd/mission-control/.beads/issues.jsonl
time=2026-02-19T19:32:08.580+09:00 level=INFO msg="Import triggered by file change"
time=2026-02-19T19:32:08.580+09:00 level=INFO msg="Starting %s..." !BADKEY=auto-import
time=2026-02-19T19:32:08.581+09:00 level=INFO msg="JSONL content changed, proceeding with %s..." !BADKEY=auto-import
time=2026-02-19T19:32:09.061+09:00 level=INFO msg="Pull failed: %v (backoff: %v)" !BADKEY="git pull failed: exit status 1\nfatal: couldn't find remote ref feat/mc-b1j.12-docker\n" !BADKEY=30s
time=2026-02-19T19:32:39.416+09:00 level=INFO msg="Mutation detected: %s %s" create=mc-un9
time=2026-02-19T19:32:39.916+09:00 level=INFO msg="Export triggered by mutation events"
time=2026-02-19T19:32:39.917+09:00 level=INFO msg="Starting %s..." !BADKEY=export
time=2026-02-19T19:32:39.924+09:00 level=INFO msg="JSONL file created: %s" !BADKEY=/home/zhugehyuk/clawd/mission-control/.beads/issues.jsonl
time=2026-02-19T19:32:39.925+09:00 level=INFO msg="Exported to JSONL"
time=2026-02-19T19:32:39.925+09:00 level=INFO msg="Export complete"
time=2026-02-19T19:32:40.925+09:00 level=INFO msg="Import triggered by file change"
time=2026-02-19T19:32:40.925+09:00 level=INFO msg="Starting %s..." !BADKEY=auto-import
time=2026-02-19T19:32:40.926+09:00 level=INFO msg="JSONL content changed, proceeding with %s..." !BADKEY=auto-import
time=2026-02-19T19:32:40.941+09:00 level=INFO msg="⚠️  WARNING: Uncommitted local changes detected in %s" !BADKEY=/home/zhugehyuk/clawd/mission-control/.beads/issues.jsonl
time=2026-02-19T19:32:40.941+09:00 level=INFO msg="   Pulling from remote may overwrite local unpushed changes."
time=2026-02-19T19:32:40.941+09:00 level=INFO msg="   Consider running 'bd sync' to commit and push your changes first."
time=2026-02-19T19:32:41.481+09:00 level=INFO msg="Pull failed: %v (backoff: %v)" !BADKEY="git pull failed: exit status 1\nfatal: couldn't find remote ref feat/mc-b1j.12-docker\n" !BADKEY=1m0s
time=2026-02-19T19:32:51.715+09:00 level=INFO msg="Mutation detected: %s %s" comment=mc-p7w
time=2026-02-19T19:32:52.215+09:00 level=INFO msg="Export triggered by mutation events"
time=2026-02-19T19:32:52.215+09:00 level=INFO msg="Starting %s..." !BADKEY=export
time=2026-02-19T19:32:52.215+09:00 level=INFO msg="Pre-export validation failed: %v" !BADKEY="refusing to export: JSONL content has changed since last import (import first to avoid data loss)"
time=2026-02-19T19:33:22.237+09:00 level=INFO msg="Mutation detected: %s %s" comment=mc-b1j.10
time=2026-02-19T19:33:22.738+09:00 level=INFO msg="Export triggered by mutation events"
time=2026-02-19T19:33:22.738+09:00 level=INFO msg="Starting %s..." !BADKEY=export
time=2026-02-19T19:33:22.739+09:00 level=INFO msg="Pre-export validation failed: %v" !BADKEY="refusing to export: JSONL content has changed since last import (import first to avoid data loss)"
time=2026-02-19T19:34:50.660+09:00 level=INFO msg="JSONL file created: %s" !BADKEY=/home/zhugehyuk/clawd/mission-control/.beads/issues.jsonl
time=2026-02-19T19:34:50.660+09:00 level=INFO msg="File change detected: %s" !BADKEY=/home/zhugehyuk/clawd/mission-control/.beads/issues.jsonl
time=2026-02-19T19:34:51.085+09:00 level=INFO msg="JSONL removed/renamed, re-establishing watch"
time=2026-02-19T19:34:51.136+09:00 level=INFO msg="Successfully re-established JSONL watch after %v" !BADKEY=50ms
time=2026-02-19T19:34:51.136+09:00 level=INFO msg="JSONL file created: %s" !BADKEY=/home/zhugehyuk/clawd/mission-control/.beads/issues.jsonl
time=2026-02-19T19:34:52.136+09:00 level=INFO msg="Import triggered by file change"
time=2026-02-19T19:34:52.146+09:00 level=INFO msg="Starting %s..." !BADKEY=auto-import
time=2026-02-19T19:34:52.146+09:00 level=INFO msg="JSONL content changed, proceeding with %s..." !BADKEY=auto-import
time=2026-02-19T19:34:52.721+09:00 level=INFO msg="Pull failed: %v (backoff: %v)" !BADKEY="git pull failed: exit status 1\nfatal: couldn't find remote ref fix/mc-jbn-clean-push\n" !BADKEY=2m0s
time=2026-02-19T19:35:20.802+09:00 level=INFO msg="Mutation detected: %s %s" comment=mc-p7w
time=2026-02-19T19:35:21.303+09:00 level=INFO msg="Export triggered by mutation events"
time=2026-02-19T19:35:21.303+09:00 level=INFO msg="Starting %s..." !BADKEY=export
time=2026-02-19T19:35:21.310+09:00 level=INFO msg="JSONL file created: %s" !BADKEY=/home/zhugehyuk/clawd/mission-control/.beads/issues.jsonl
time=2026-02-19T19:35:21.311+09:00 level=INFO msg="Exported to JSONL"
time=2026-02-19T19:35:21.311+09:00 level=INFO msg="Export complete"
time=2026-02-19T19:35:22.310+09:00 level=INFO msg="Import triggered by file change"
time=2026-02-19T19:35:22.311+09:00 level=INFO msg="Skipping %s: in backoff period" !BADKEY=auto-import
time=2026-02-19T19:35:32.256+09:00 level=INFO msg="Mutation detected: %s %s" comment=mc-b1j.12
time=2026-02-19T19:35:32.757+09:00 level=INFO msg="Export triggered by mutation events"
time=2026-02-19T19:35:32.757+09:00 level=INFO msg="Starting %s..." !BADKEY=export
time=2026-02-19T19:35:32.758+09:00 level=INFO msg="Pre-export validation failed: %v" !BADKEY="refusing to export: JSONL content has changed since last import (import first to avoid data loss)"
time=2026-02-19T19:36:21.035+09:00 level=INFO msg="Mutation detected: %s %s" create=mc-b1j.16
time=2026-02-19T19:36:21.535+09:00 level=INFO msg="Export triggered by mutation events"
time=2026-02-19T19:36:21.536+09:00 level=INFO msg="Starting %s..." !BADKEY=export
time=2026-02-19T19:36:21.536+09:00 level=INFO msg="Pre-export validation failed: %v" !BADKEY="refusing to export: JSONL content has changed since last import (import first to avoid data loss)"
time=2026-02-19T19:36:26.615+09:00 level=INFO msg="Mutation detected: %s %s" create=mc-b1j.17
time=2026-02-19T19:36:27.116+09:00 level=INFO msg="Export triggered by mutation events"
time=2026-02-19T19:36:27.116+09:00 level=INFO msg="Starting %s..." !BADKEY=export
time=2026-02-19T19:36:27.116+09:00 level=INFO msg="Pre-export validation failed: %v" !BADKEY="refusing to export: JSONL content has changed since last import (import first to avoid data loss)"
time=2026-02-19T19:36:29.920+09:00 level=INFO msg="File change detected: %s" !BADKEY=/home/zhugehyuk/clawd/mission-control/.beads/issues.jsonl
time=2026-02-19T19:36:29.920+09:00 level=INFO msg="JSONL removed/renamed, re-establishing watch"
time=2026-02-19T19:36:29.970+09:00 level=INFO msg="Successfully re-established JSONL watch after %v" !BADKEY=50ms
time=2026-02-19T19:36:29.970+09:00 level=INFO msg="JSONL file created: %s" !BADKEY=/home/zhugehyuk/clawd/mission-control/.beads/issues.jsonl
time=2026-02-19T19:36:29.970+09:00 level=INFO msg="JSONL removed/renamed, re-establishing watch"
time=2026-02-19T19:36:30.021+09:00 level=INFO msg="Successfully re-established JSONL watch after %v" !BADKEY=50ms
time=2026-02-19T19:36:30.021+09:00 level=INFO msg="JSONL file created: %s" !BADKEY=/home/zhugehyuk/clawd/mission-control/.beads/issues.jsonl
time=2026-02-19T19:36:31.022+09:00 level=INFO msg="Import triggered by file change"
time=2026-02-19T19:36:31.022+09:00 level=INFO msg="Skipping %s: in backoff period" !BADKEY=auto-import
time=2026-02-19T19:36:31.830+09:00 level=INFO msg="Mutation detected: %s %s" create=mc-b1j.18
time=2026-02-19T19:36:32.331+09:00 level=INFO msg="Export triggered by mutation events"
time=2026-02-19T19:36:32.331+09:00 level=INFO msg="Starting %s..." !BADKEY=export
time=2026-02-19T19:36:32.334+09:00 level=INFO msg="JSONL file created: %s" !BADKEY=/home/zhugehyuk/clawd/mission-control/.beads/issues.jsonl
time=2026-02-19T19:36:32.335+09:00 level=INFO msg="Exported to JSONL"
time=2026-02-19T19:36:32.335+09:00 level=INFO msg="Export complete"
time=2026-02-19T19:36:33.335+09:00 level=INFO msg="Import triggered by file change"
time=2026-02-19T19:36:33.335+09:00 level=INFO msg="Skipping %s: in backoff period" !BADKEY=auto-import
time=2026-02-19T19:36:37.111+09:00 level=INFO msg="Mutation detected: %s %s" create=mc-6yy.5
time=2026-02-19T19:36:37.612+09:00 level=INFO msg="Export triggered by mutation events"
time=2026-02-19T19:36:37.612+09:00 level=INFO msg="Starting %s..." !BADKEY=export
time=2026-02-19T19:36:37.612+09:00 level=INFO msg="Pre-export validation failed: %v" !BADKEY="refusing to export: JSONL content has changed since last import (import first to avoid data loss)"
time=2026-02-19T19:36:43.275+09:00 level=INFO msg="File change detected: %s" !BADKEY=/home/zhugehyuk/clawd/mission-control/.beads/issues.jsonl
time=2026-02-19T19:36:43.275+09:00 level=INFO msg="JSONL removed/renamed, re-establishing watch"
time=2026-02-19T19:36:43.326+09:00 level=INFO msg="Successfully re-established JSONL watch after %v" !BADKEY=50ms
time=2026-02-19T19:36:43.326+09:00 level=INFO msg="JSONL file created: %s" !BADKEY=/home/zhugehyuk/clawd/mission-control/.beads/issues.jsonl
time=2026-02-19T19:36:43.326+09:00 level=INFO msg="JSONL removed/renamed, re-establishing watch"
time=2026-02-19T19:36:43.376+09:00 level=INFO msg="Successfully re-established JSONL watch after %v" !BADKEY=50ms
time=2026-02-19T19:36:43.376+09:00 level=INFO msg="JSONL file created: %s" !BADKEY=/home/zhugehyuk/clawd/mission-control/.beads/issues.jsonl
time=2026-02-19T19:36:43.376+09:00 level=INFO msg="JSONL removed/renamed, re-establishing watch"
time=2026-02-19T19:36:43.427+09:00 level=INFO msg="Successfully re-established JSONL watch after %v" !BADKEY=50ms
time=2026-02-19T19:36:43.427+09:00 level=INFO msg="JSONL file created: %s" !BADKEY=/home/zhugehyuk/clawd/mission-control/.beads/issues.jsonl
time=2026-02-19T19:36:44.428+09:00 level=INFO msg="Import triggered by file change"
time=2026-02-19T19:36:44.428+09:00 level=INFO msg="Skipping %s: in backoff period" !BADKEY=auto-import
time=2026-02-19T19:36:45.848+09:00 level=INFO msg="Mutation detected: %s %s" create=mc-6yy.6
time=2026-02-19T19:36:46.349+09:00 level=INFO msg="Export triggered by mutation events"
time=2026-02-19T19:36:46.349+09:00 level=INFO msg="Starting %s..." !BADKEY=export
time=2026-02-19T19:36:46.350+09:00 level=INFO msg="Pre-export validation failed: %v" !BADKEY="refusing to export: JSONL content has changed since last import (import first to avoid data loss)"
time=2026-02-19T19:36:50.164+09:00 level=INFO msg="File change detected: %s" !BADKEY=/home/zhugehyuk/clawd/mission-control/.beads/issues.jsonl
time=2026-02-19T19:36:50.164+09:00 level=INFO msg="JSONL removed/renamed, re-establishing watch"
time=2026-02-19T19:36:50.214+09:00 level=INFO msg="Successfully re-established JSONL watch after %v" !BADKEY=50ms
time=2026-02-19T19:36:50.214+09:00 level=INFO msg="JSONL file created: %s" !BADKEY=/home/zhugehyuk/clawd/mission-control/.beads/issues.jsonl
time=2026-02-19T19:36:51.215+09:00 level=INFO msg="Import triggered by file change"
time=2026-02-19T19:36:51.216+09:00 level=INFO msg="Skipping %s: in backoff period" !BADKEY=auto-import
time=2026-02-19T19:37:03.209+09:00 level=INFO msg="Mutation detected: %s %s" comment=mc-b1j
time=2026-02-19T19:37:03.710+09:00 level=INFO msg="Export triggered by mutation events"
time=2026-02-19T19:37:03.710+09:00 level=INFO msg="Starting %s..." !BADKEY=export
time=2026-02-19T19:37:03.713+09:00 level=INFO msg="JSONL file created: %s" !BADKEY=/home/zhugehyuk/clawd/mission-control/.beads/issues.jsonl
time=2026-02-19T19:37:03.714+09:00 level=INFO msg="Exported to JSONL"
time=2026-02-19T19:37:03.714+09:00 level=INFO msg="Export complete"
time=2026-02-19T19:37:04.715+09:00 level=INFO msg="Import triggered by file change"
time=2026-02-19T19:37:04.715+09:00 level=INFO msg="Starting %s..." !BADKEY=auto-import
time=2026-02-19T19:37:04.715+09:00 level=INFO msg="JSONL content changed, proceeding with %s..." !BADKEY=auto-import
time=2026-02-19T19:37:04.719+09:00 level=INFO msg="⚠️  WARNING: Uncommitted local changes detected in %s" !BADKEY=/home/zhugehyuk/clawd/mission-control/.beads/issues.jsonl
time=2026-02-19T19:37:04.719+09:00 level=INFO msg="   Pulling from remote may overwrite local unpushed changes."
time=2026-02-19T19:37:04.719+09:00 level=INFO msg="   Consider running 'bd sync' to commit and push your changes first."
time=2026-02-19T19:37:05.277+09:00 level=INFO msg="Pulled from remote"
time=2026-02-19T19:37:05.280+09:00 level=INFO msg="Imported from JSONL"
time=2026-02-19T19:37:05.280+09:00 level=INFO msg="Auto-import complete"
time=2026-02-19T19:37:08.426+09:00 level=INFO msg="File change detected: %s" !BADKEY=/home/zhugehyuk/clawd/mission-control/.beads/issues.jsonl
time=2026-02-19T19:37:08.426+09:00 level=INFO msg="JSONL removed/renamed, re-establishing watch"
time=2026-02-19T19:37:08.477+09:00 level=INFO msg="Successfully re-established JSONL watch after %v" !BADKEY=50ms
time=2026-02-19T19:37:08.477+09:00 level=INFO msg="JSONL file created: %s" !BADKEY=/home/zhugehyuk/clawd/mission-control/.beads/issues.jsonl
time=2026-02-19T19:37:08.477+09:00 level=INFO msg="JSONL removed/renamed, re-establishing watch"
time=2026-02-19T19:37:08.527+09:00 level=INFO msg="Successfully re-established JSONL watch after %v" !BADKEY=50ms
time=2026-02-19T19:37:08.527+09:00 level=INFO msg="JSONL file created: %s" !BADKEY=/home/zhugehyuk/clawd/mission-control/.beads/issues.jsonl
time=2026-02-19T19:37:08.527+09:00 level=INFO msg="JSONL removed/renamed, re-establishing watch"
time=2026-02-19T19:37:08.578+09:00 level=INFO msg="Successfully re-established JSONL watch after %v" !BADKEY=50ms
time=2026-02-19T19:37:08.578+09:00 level=INFO msg="JSONL file created: %s" !BADKEY=/home/zhugehyuk/clawd/mission-control/.beads/issues.jsonl
time=2026-02-19T19:37:09.578+09:00 level=INFO msg="Import triggered by file change"
time=2026-02-19T19:37:09.579+09:00 level=INFO msg="Starting %s..." !BADKEY=auto-import
time=2026-02-19T19:37:09.579+09:00 level=INFO msg="JSONL content changed, proceeding with %s..." !BADKEY=auto-import
time=2026-02-19T19:37:09.580+09:00 level=INFO msg="⚠️  WARNING: Uncommitted local changes detected in %s" !BADKEY=/home/zhugehyuk/clawd/mission-control/.beads/issues.jsonl
time=2026-02-19T19:37:09.580+09:00 level=INFO msg="   Pulling from remote may overwrite local unpushed changes."
time=2026-02-19T19:37:09.580+09:00 level=INFO msg="   Consider running 'bd sync' to commit and push your changes first."
time=2026-02-19T19:37:09.584+09:00 level=INFO msg="Pull failed: %v (backoff: %v)" !BADKEY="git pull failed: exit status 128\nerror: Pulling is not possible because you have unmerged files.\nhint: Fix them up in the work tree, and then use 'git add/rm <file>'\nhint: as appropriate to mark resolution and make a commit.\nfatal: Exiting because of an unresolved conflict.\n" !BADKEY=30s
time=2026-02-19T19:37:11.290+09:00 level=INFO msg="Mutation detected: %s %s" comment=mc-6yy
time=2026-02-19T19:37:11.790+09:00 level=INFO msg="Export triggered by mutation events"
time=2026-02-19T19:37:11.791+09:00 level=INFO msg="Starting %s..." !BADKEY=export
time=2026-02-19T19:37:11.791+09:00 level=INFO msg="Pre-export validation failed: %v" !BADKEY="refusing to export: JSONL content has changed since last import (import first to avoid data loss)"
time=2026-02-19T19:37:12.265+09:00 level=INFO msg="File change detected: %s" !BADKEY=/home/zhugehyuk/clawd/mission-control/.beads/issues.jsonl
time=2026-02-19T19:37:12.265+09:00 level=INFO msg="JSONL removed/renamed, re-establishing watch"
time=2026-02-19T19:37:12.316+09:00 level=INFO msg="Successfully re-established JSONL watch after %v" !BADKEY=50ms
time=2026-02-19T19:37:12.316+09:00 level=INFO msg="JSONL file created: %s" !BADKEY=/home/zhugehyuk/clawd/mission-control/.beads/issues.jsonl
time=2026-02-19T19:37:13.317+09:00 level=INFO msg="Import triggered by file change"
time=2026-02-19T19:37:13.317+09:00 level=INFO msg="Skipping %s: in backoff period" !BADKEY=auto-import
time=2026-02-19T19:37:46.517+09:00 level=INFO msg="JSONL file created: %s" !BADKEY=/home/zhugehyuk/clawd/mission-control/.beads/issues.jsonl
time=2026-02-19T19:37:46.517+09:00 level=INFO msg="File change detected: %s" !BADKEY=/home/zhugehyuk/clawd/mission-control/.beads/issues.jsonl
time=2026-02-19T19:37:46.536+09:00 level=INFO msg="Git ref change detected: %s" !BADKEY=/home/zhugehyuk/clawd/mission-control/.git/refs/heads/main.lock
time=2026-02-19T19:37:47.538+09:00 level=INFO msg="Import triggered by file change"
time=2026-02-19T19:37:47.540+09:00 level=INFO msg="Starting %s..." !BADKEY=auto-import
time=2026-02-19T19:37:47.540+09:00 level=INFO msg="JSONL content changed, proceeding with %s..." !BADKEY=auto-import
time=2026-02-19T19:37:47.989+09:00 level=INFO msg="Pulled from remote"
time=2026-02-19T19:37:47.993+09:00 level=INFO msg="Imported from JSONL"
time=2026-02-19T19:37:47.993+09:00 level=INFO msg="Auto-import complete"
time=2026-02-19T19:38:00.465+09:00 level=INFO msg="File change detected: %s" !BADKEY=/home/zhugehyuk/clawd/mission-control/.beads/issues.jsonl
time=2026-02-19T19:38:00.465+09:00 level=INFO msg="JSONL removed/renamed, re-establishing watch"
time=2026-02-19T19:38:00.515+09:00 level=INFO msg="Successfully re-established JSONL watch after %v" !BADKEY=50ms
time=2026-02-19T19:38:00.515+09:00 level=INFO msg="JSONL file created: %s" !BADKEY=/home/zhugehyuk/clawd/mission-control/.beads/issues.jsonl
time=2026-02-19T19:38:00.515+09:00 level=INFO msg="JSONL removed/renamed, re-establishing watch"
time=2026-02-19T19:38:00.566+09:00 level=INFO msg="Successfully re-established JSONL watch after %v" !BADKEY=50ms
time=2026-02-19T19:38:00.566+09:00 level=INFO msg="JSONL file created: %s" !BADKEY=/home/zhugehyuk/clawd/mission-control/.beads/issues.jsonl
time=2026-02-19T19:38:00.566+09:00 level=INFO msg="JSONL removed/renamed, re-establishing watch"
time=2026-02-19T19:38:00.616+09:00 level=INFO msg="Successfully re-established JSONL watch after %v" !BADKEY=50ms
time=2026-02-19T19:38:00.616+09:00 level=INFO msg="JSONL file created: %s" !BADKEY=/home/zhugehyuk/clawd/mission-control/.beads/issues.jsonl
time=2026-02-19T19:38:00.616+09:00 level=INFO msg="Git ref change detected: %s" !BADKEY=/home/zhugehyuk/clawd/mission-control/.git/refs/heads/main.lock
time=2026-02-19T19:38:01.617+09:00 level=INFO msg="Import triggered by file change"
time=2026-02-19T19:38:01.618+09:00 level=INFO msg="Starting %s..." !BADKEY=auto-import
time=2026-02-19T19:38:01.618+09:00 level=INFO msg="JSONL content changed, proceeding with %s..." !BADKEY=auto-import
time=2026-02-19T19:38:02.095+09:00 level=INFO msg="Pulled from remote"
time=2026-02-19T19:38:02.097+09:00 level=INFO msg="Imported from JSONL"
time=2026-02-19T19:38:02.097+09:00 level=INFO msg="Auto-import complete"
time=2026-02-19T19:38:31.598+09:00 level=INFO msg="Mutation detected: %s %s" comment=mc-jbn
time=2026-02-19T19:38:32.099+09:00 level=INFO msg="Export triggered by mutation events"
time=2026-02-19T19:38:32.099+09:00 level=INFO msg="Starting %s..." !BADKEY=export
time=2026-02-19T19:38:32.103+09:00 level=INFO msg="JSONL file created: %s" !BADKEY=/home/zhugehyuk/clawd/mission-control/.beads/issues.jsonl
time=2026-02-19T19:38:32.104+09:00 level=INFO msg="Exported to JSONL"
time=2026-02-19T19:38:32.104+09:00 level=INFO msg="Export complete"
time=2026-02-19T19:38:33.103+09:00 level=INFO msg="Import triggered by file change"
time=2026-02-19T19:38:33.103+09:00 level=INFO msg="Starting %s..." !BADKEY=auto-import
time=2026-02-19T19:38:33.103+09:00 level=INFO msg="JSONL content changed, proceeding with %s..." !BADKEY=auto-import
time=2026-02-19T19:38:33.105+09:00 level=INFO msg="⚠️  WARNING: Uncommitted local changes detected in %s" !BADKEY=/home/zhugehyuk/clawd/mission-control/.beads/issues.jsonl
time=2026-02-19T19:38:33.105+09:00 level=INFO msg="   Pulling from remote may overwrite local unpushed changes."
time=2026-02-19T19:38:33.105+09:00 level=INFO msg="   Consider running 'bd sync' to commit and push your changes first."
time=2026-02-19T19:38:33.571+09:00 level=INFO msg="Pulled from remote"
time=2026-02-19T19:38:33.574+09:00 level=INFO msg="Imported from JSONL"
time=2026-02-19T19:38:33.574+09:00 level=INFO msg="Auto-import complete"
time=2026-02-19T19:38:40.049+09:00 level=INFO msg="Mutation detected: %s %s" comment=mc-p7w
time=2026-02-19T19:38:40.550+09:00 level=INFO msg="Export triggered by mutation events"
time=2026-02-19T19:38:40.550+09:00 level=INFO msg="Starting %s..." !BADKEY=export
time=2026-02-19T19:38:40.550+09:00 level=INFO msg="Pre-export validation failed: %v" !BADKEY="refusing to export: JSONL content has changed since last import (import first to avoid data loss)"
time=2026-02-19T19:38:44.124+09:00 level=INFO msg="Mutation detected: %s %s" status=mc-p7w
time=2026-02-19T19:38:44.625+09:00 level=INFO msg="Export triggered by mutation events"
time=2026-02-19T19:38:44.625+09:00 level=INFO msg="Starting %s..." !BADKEY=export
time=2026-02-19T19:38:44.625+09:00 level=INFO msg="Pre-export validation failed: %v" !BADKEY="refusing to export: JSONL content has changed since last import (import first to avoid data loss)"
time=2026-02-19T19:38:48.555+09:00 level=INFO msg="Mutation detected: %s %s" update=mc-jbn
time=2026-02-19T19:38:49.055+09:00 level=INFO msg="Export triggered by mutation events"
time=2026-02-19T19:38:49.055+09:00 level=INFO msg="Starting %s..." !BADKEY=export
time=2026-02-19T19:38:49.056+09:00 level=INFO msg="Pre-export validation failed: %v" !BADKEY="refusing to export: JSONL content has changed since last import (import first to avoid data loss)"
time=2026-02-19T19:38:57.099+09:00 level=INFO msg="Mutation detected: %s %s" status=mc-jbn
time=2026-02-19T19:38:59.140+09:00 level=INFO msg="Export triggered by mutation events"
time=2026-02-19T19:38:59.140+09:00 level=INFO msg="Starting %s..." !BADKEY=export
time=2026-02-19T19:38:59.141+09:00 level=INFO msg="Pre-export validation failed: %v" !BADKEY="refusing to export: JSONL content has changed since last import (import first to avoid data loss)"
time=2026-02-19T19:39:02.747+09:00 level=INFO msg="Mutation detected: %s %s" status=mc-9yb
time=2026-02-19T19:39:02.751+09:00 level=INFO msg="Mutation detected: %s %s" status=mc-ccg
time=2026-02-19T19:39:02.754+09:00 level=INFO msg="Mutation detected: %s %s" status=mc-un9
time=2026-02-19T19:39:03.256+09:00 level=INFO msg="Export triggered by mutation events"
time=2026-02-19T19:39:03.256+09:00 level=INFO msg="Starting %s..." !BADKEY=export
time=2026-02-19T19:39:03.257+09:00 level=INFO msg="Pre-export validation failed: %v" !BADKEY="refusing to export: JSONL content has changed since last import (import first to avoid data loss)"
time=2026-02-19T19:43:04.306+09:00 level=INFO msg="Mutation detected: %s %s" status=mc-l64
time=2026-02-19T19:43:04.808+09:00 level=INFO msg="Export triggered by mutation events"
time=2026-02-19T19:43:04.808+09:00 level=INFO msg="Starting %s..." !BADKEY=export
time=2026-02-19T19:43:04.811+09:00 level=INFO msg="Pre-export validation failed: %v" !BADKEY="refusing to export: JSONL content has changed since last import (import first to avoid data loss)"
time=2026-02-19T19:43:07.766+09:00 level=INFO msg="Mutation detected: %s %s" comment=mc-l64
time=2026-02-19T19:43:08.266+09:00 level=INFO msg="Export triggered by mutation events"
time=2026-02-19T19:43:08.267+09:00 level=INFO msg="Starting %s..." !BADKEY=export
time=2026-02-19T19:43:08.267+09:00 level=INFO msg="Pre-export validation failed: %v" !BADKEY="refusing to export: JSONL content has changed since last import (import first to avoid data loss)"
time=2026-02-19T19:43:13.109+09:00 level=INFO msg="JSONL file created: %s" !BADKEY=/home/zhugehyuk/clawd/mission-control/.beads/issues.jsonl
time=2026-02-19T19:43:13.109+09:00 level=INFO msg="File change detected: %s" !BADKEY=/home/zhugehyuk/clawd/mission-control/.beads/issues.jsonl
time=2026-02-19T19:43:13.126+09:00 level=INFO msg="Git ref change detected: %s" !BADKEY=/home/zhugehyuk/clawd/mission-control/.git/refs/heads/main.lock
time=2026-02-19T19:43:14.126+09:00 level=INFO msg="Import triggered by file change"
time=2026-02-19T19:43:14.127+09:00 level=INFO msg="Starting %s..." !BADKEY=auto-import
time=2026-02-19T19:43:14.127+09:00 level=INFO msg="JSONL content changed, proceeding with %s..." !BADKEY=auto-import
time=2026-02-19T19:43:14.952+09:00 level=INFO msg="Pull failed: %v (backoff: %v)" !BADKEY="git pull failed: exit status 128\nFrom https://github.com/2lab-ai/ocmc\n * branch            main       -> FETCH_HEAD\n   f894a05..3544d24  main       -> origin/main\nhint: You have divergent branches and need to specify how to reconcile them.\nhint: You can do so by running one of the following commands sometime before\nhint: your next pull:\nhint: \nhint:   git config pull.rebase false  # merge\nhint:   git config pull.rebase true   # rebase\nhint:   git config pull.ff only       # fast-forward only\nhint: \nhint: You can replace \"git config\" with \"git config --global\" to set a default\nhint: preference for all repositories. You can also pass --rebase, --no-rebase,\nhint: or --ff-only on the command line to override the configured default per\nhint: invocation.\nfatal: Need to specify how to reconcile divergent branches.\n" !BADKEY=30s
time=2026-02-19T19:43:23.929+09:00 level=INFO msg="File change detected: %s" !BADKEY=/home/zhugehyuk/clawd/mission-control/.beads/issues.jsonl
time=2026-02-19T19:43:23.929+09:00 level=INFO msg="JSONL removed/renamed, re-establishing watch"
time=2026-02-19T19:43:23.979+09:00 level=INFO msg="Successfully re-established JSONL watch after %v" !BADKEY=50ms
time=2026-02-19T19:43:23.979+09:00 level=INFO msg="JSONL file created: %s" !BADKEY=/home/zhugehyuk/clawd/mission-control/.beads/issues.jsonl
time=2026-02-19T19:43:23.979+09:00 level=INFO msg="JSONL removed/renamed, re-establishing watch"
time=2026-02-19T19:43:24.030+09:00 level=INFO msg="Successfully re-established JSONL watch after %v" !BADKEY=50ms
time=2026-02-19T19:43:24.030+09:00 level=INFO msg="JSONL file created: %s" !BADKEY=/home/zhugehyuk/clawd/mission-control/.beads/issues.jsonl
time=2026-02-19T19:43:25.031+09:00 level=INFO msg="Import triggered by file change"
time=2026-02-19T19:43:25.032+09:00 level=INFO msg="Skipping %s: in backoff period" !BADKEY=auto-import
time=2026-02-19T19:43:27.159+09:00 level=INFO msg="File change detected: %s" !BADKEY=/home/zhugehyuk/clawd/mission-control/.beads/issues.jsonl
time=2026-02-19T19:43:27.159+09:00 level=INFO msg="JSONL removed/renamed, re-establishing watch"
time=2026-02-19T19:43:27.210+09:00 level=INFO msg="Successfully re-established JSONL watch after %v" !BADKEY=50ms
time=2026-02-19T19:43:27.210+09:00 level=INFO msg="JSONL file created: %s" !BADKEY=/home/zhugehyuk/clawd/mission-control/.beads/issues.jsonl
time=2026-02-19T19:43:28.211+09:00 level=INFO msg="Import triggered by file change"
time=2026-02-19T19:43:28.212+09:00 level=INFO msg="Skipping %s: in backoff period" !BADKEY=auto-import
time=2026-02-19T19:43:32.137+09:00 level=INFO msg="Git ref change detected: %s" !BADKEY=/home/zhugehyuk/clawd/mission-control/.git/refs/heads/main.lock
time=2026-02-19T19:43:33.138+09:00 level=INFO msg="Import triggered by file change"
time=2026-02-19T19:43:33.139+09:00 level=INFO msg="Skipping %s: in backoff period" !BADKEY=auto-import
time=2026-02-19T19:43:39.727+09:00 level=INFO msg="File change detected: %s" !BADKEY=/home/zhugehyuk/clawd/mission-control/.beads/issues.jsonl
time=2026-02-19T19:43:39.727+09:00 level=INFO msg="JSONL removed/renamed, re-establishing watch"
time=2026-02-19T19:43:39.778+09:00 level=INFO msg="Successfully re-established JSONL watch after %v" !BADKEY=50ms
time=2026-02-19T19:43:39.778+09:00 level=INFO msg="JSONL file created: %s" !BADKEY=/home/zhugehyuk/clawd/mission-control/.beads/issues.jsonl
time=2026-02-19T19:43:40.779+09:00 level=INFO msg="Import triggered by file change"
time=2026-02-19T19:43:40.780+09:00 level=INFO msg="Skipping %s: in backoff period" !BADKEY=auto-import
time=2026-02-19T19:43:43.294+09:00 level=INFO msg="File change detected: %s" !BADKEY=/home/zhugehyuk/clawd/mission-control/.beads/issues.jsonl
time=2026-02-19T19:43:43.294+09:00 level=INFO msg="JSONL removed/renamed, re-establishing watch"
time=2026-02-19T19:43:43.345+09:00 level=INFO msg="Successfully re-established JSONL watch after %v" !BADKEY=50ms
time=2026-02-19T19:43:43.345+09:00 level=INFO msg="JSONL file created: %s" !BADKEY=/home/zhugehyuk/clawd/mission-control/.beads/issues.jsonl
time=2026-02-19T19:43:43.345+09:00 level=INFO msg="JSONL removed/renamed, re-establishing watch"
time=2026-02-19T19:43:43.395+09:00 level=INFO msg="Successfully re-established JSONL watch after %v" !BADKEY=50ms
time=2026-02-19T19:43:43.395+09:00 level=INFO msg="JSONL file created: %s" !BADKEY=/home/zhugehyuk/clawd/mission-control/.beads/issues.jsonl
time=2026-02-19T19:43:44.397+09:00 level=INFO msg="Import triggered by file change"
time=2026-02-19T19:43:44.398+09:00 level=INFO msg="Skipping %s: in backoff period" !BADKEY=auto-import
time=2026-02-19T19:43:50.088+09:00 level=INFO msg="File change detected: %s" !BADKEY=/home/zhugehyuk/clawd/mission-control/.beads/issues.jsonl
time=2026-02-19T19:43:50.088+09:00 level=INFO msg="JSONL removed/renamed, re-establishing watch"
time=2026-02-19T19:43:50.138+09:00 level=INFO msg="Successfully re-established JSONL watch after %v" !BADKEY=50ms
time=2026-02-19T19:43:50.138+09:00 level=INFO msg="JSONL file created: %s" !BADKEY=/home/zhugehyuk/clawd/mission-control/.beads/issues.jsonl
time=2026-02-19T19:43:51.139+09:00 level=INFO msg="Import triggered by file change"
time=2026-02-19T19:43:51.140+09:00 level=INFO msg="Starting %s..." !BADKEY=auto-import
time=2026-02-19T19:43:51.140+09:00 level=INFO msg="JSONL content changed, proceeding with %s..." !BADKEY=auto-import
time=2026-02-19T19:43:51.142+09:00 level=INFO msg="⚠️  WARNING: Uncommitted local changes detected in %s" !BADKEY=/home/zhugehyuk/clawd/mission-control/.beads/issues.jsonl
time=2026-02-19T19:43:51.142+09:00 level=INFO msg="   Pulling from remote may overwrite local unpushed changes."
time=2026-02-19T19:43:51.142+09:00 level=INFO msg="   Consider running 'bd sync' to commit and push your changes first."
time=2026-02-19T19:43:51.144+09:00 level=INFO msg="Pull failed: %v (backoff: %v)" !BADKEY="failed to get current branch: exit status 128" !BADKEY=1m0s
time=2026-02-19T19:44:02.185+09:00 level=INFO msg="JSONL file created: %s" !BADKEY=/home/zhugehyuk/clawd/mission-control/.beads/issues.jsonl
time=2026-02-19T19:44:02.185+09:00 level=INFO msg="File change detected: %s" !BADKEY=/home/zhugehyuk/clawd/mission-control/.beads/issues.jsonl
time=2026-02-19T19:44:03.186+09:00 level=INFO msg="Import triggered by file change"
time=2026-02-19T19:44:03.186+09:00 level=INFO msg="Skipping %s: in backoff period" !BADKEY=auto-import
time=2026-02-19T19:44:18.867+09:00 level=INFO msg="File change detected: %s" !BADKEY=/home/zhugehyuk/clawd/mission-control/.beads/issues.jsonl
time=2026-02-19T19:44:18.867+09:00 level=INFO msg="JSONL removed/renamed, re-establishing watch"
time=2026-02-19T19:44:18.919+09:00 level=INFO msg="Successfully re-established JSONL watch after %v" !BADKEY=50ms
time=2026-02-19T19:44:18.919+09:00 level=INFO msg="JSONL file created: %s" !BADKEY=/home/zhugehyuk/clawd/mission-control/.beads/issues.jsonl
time=2026-02-19T19:44:19.920+09:00 level=INFO msg="Import triggered by file change"
time=2026-02-19T19:44:19.930+09:00 level=INFO msg="Skipping %s: in backoff period" !BADKEY=auto-import
time=2026-02-19T19:44:32.418+09:00 level=INFO msg="File change detected: %s" !BADKEY=/home/zhugehyuk/clawd/mission-control/.beads/issues.jsonl
time=2026-02-19T19:44:32.418+09:00 level=INFO msg="JSONL removed/renamed, re-establishing watch"
time=2026-02-19T19:44:32.469+09:00 level=INFO msg="Successfully re-established JSONL watch after %v" !BADKEY=50ms
time=2026-02-19T19:44:32.469+09:00 level=INFO msg="JSONL file created: %s" !BADKEY=/home/zhugehyuk/clawd/mission-control/.beads/issues.jsonl
time=2026-02-19T19:44:32.469+09:00 level=INFO msg="JSONL removed/renamed, re-establishing watch"
time=2026-02-19T19:44:32.519+09:00 level=INFO msg="Successfully re-established JSONL watch after %v" !BADKEY=50ms
time=2026-02-19T19:44:32.520+09:00 level=INFO msg="JSONL file created: %s" !BADKEY=/home/zhugehyuk/clawd/mission-control/.beads/issues.jsonl
time=2026-02-19T19:44:33.521+09:00 level=INFO msg="Import triggered by file change"
time=2026-02-19T19:44:33.522+09:00 level=INFO msg="Skipping %s: in backoff period" !BADKEY=auto-import
time=2026-02-19T19:44:36.331+09:00 level=INFO msg="File change detected: %s" !BADKEY=/home/zhugehyuk/clawd/mission-control/.beads/issues.jsonl
time=2026-02-19T19:44:36.331+09:00 level=INFO msg="JSONL removed/renamed, re-establishing watch"
time=2026-02-19T19:44:36.381+09:00 level=INFO msg="Successfully re-established JSONL watch after %v" !BADKEY=50ms
time=2026-02-19T19:44:36.381+09:00 level=INFO msg="JSONL file created: %s" !BADKEY=/home/zhugehyuk/clawd/mission-control/.beads/issues.jsonl
time=2026-02-19T19:44:36.387+09:00 level=INFO msg="JSONL file created: %s" !BADKEY=/home/zhugehyuk/clawd/mission-control/.beads/issues.jsonl
time=2026-02-19T19:44:38.861+09:00 level=INFO msg="Import triggered by file change"
time=2026-02-19T19:44:38.861+09:00 level=INFO msg="Skipping %s: in backoff period" !BADKEY=auto-import
time=2026-02-19T19:45:16.719+09:00 level=INFO msg="Mutation detected: %s %s" comment=mc-6yy.1
time=2026-02-19T19:45:17.220+09:00 level=INFO msg="Export triggered by mutation events"
time=2026-02-19T19:45:17.220+09:00 level=INFO msg="Starting %s..." !BADKEY=export
time=2026-02-19T19:45:17.220+09:00 level=INFO msg="Pre-export validation failed: %v" !BADKEY="refusing to export: JSONL content has changed since last import (import first to avoid data loss)"
time=2026-02-19T19:45:24.355+09:00 level=INFO msg="Mutation detected: %s %s" comment=mc-b1j
time=2026-02-19T19:45:24.856+09:00 level=INFO msg="Export triggered by mutation events"
time=2026-02-19T19:45:24.856+09:00 level=INFO msg="Starting %s..." !BADKEY=export
time=2026-02-19T19:45:24.857+09:00 level=INFO msg="Pre-export validation failed: %v" !BADKEY="refusing to export: JSONL content has changed since last import (import first to avoid data loss)"
time=2026-02-19T19:55:22.069+09:00 level=INFO msg="Mutation detected: %s %s" comment=mc-b1j.12
time=2026-02-19T19:55:22.569+09:00 level=INFO msg="Export triggered by mutation events"
time=2026-02-19T19:55:22.570+09:00 level=INFO msg="Starting %s..." !BADKEY=export
time=2026-02-19T19:55:22.570+09:00 level=INFO msg="Pre-export validation failed: %v" !BADKEY="refusing to export: JSONL content has changed since last import (import first to avoid data loss)"
time=2026-02-19T19:55:25.175+09:00 level=INFO msg="Mutation detected: %s %s" comment=mc-b1j.10
time=2026-02-19T19:55:25.678+09:00 level=INFO msg="Export triggered by mutation events"
time=2026-02-19T19:55:25.679+09:00 level=INFO msg="Starting %s..." !BADKEY=export
time=2026-02-19T19:55:25.679+09:00 level=INFO msg="Pre-export validation failed: %v" !BADKEY="refusing to export: JSONL content has changed since last import (import first to avoid data loss)"
time=2026-02-19T19:55:27.841+09:00 level=INFO msg="Mutation detected: %s %s" status=mc-b1j.10
time=2026-02-19T19:55:27.845+09:00 level=INFO msg="Mutation detected: %s %s" status=mc-b1j.12
time=2026-02-19T19:55:28.346+09:00 level=INFO msg="Export triggered by mutation events"
time=2026-02-19T19:55:28.346+09:00 level=INFO msg="Starting %s..." !BADKEY=export
time=2026-02-19T19:55:28.346+09:00 level=INFO msg="Pre-export validation failed: %v" !BADKEY="refusing to export: JSONL content has changed since last import (import first to avoid data loss)"
time=2026-02-19T19:55:48.512+09:00 level=INFO msg="Mutation detected: %s %s" comment=mc-b1j
time=2026-02-19T19:55:49.013+09:00 level=INFO msg="Export triggered by mutation events"
time=2026-02-19T19:55:49.014+09:00 level=INFO msg="Starting %s..." !BADKEY=export
time=2026-02-19T19:55:49.014+09:00 level=INFO msg="Pre-export validation failed: %v" !BADKEY="refusing to export: JSONL content has changed since last import (import first to avoid data loss)"
time=2026-02-19T19:56:19.371+09:00 level=INFO msg="Mutation detected: %s %s" update=mc-b1j.1
time=2026-02-19T19:56:19.375+09:00 level=INFO msg="Mutation detected: %s %s" update=mc-b1j.2
time=2026-02-19T19:56:19.378+09:00 level=INFO msg="Mutation detected: %s %s" update=mc-b1j.13
time=2026-02-19T19:56:19.878+09:00 level=INFO msg="Export triggered by mutation events"
time=2026-02-19T19:56:19.879+09:00 level=INFO msg="Starting %s..." !BADKEY=export
time=2026-02-19T19:56:19.879+09:00 level=INFO msg="Pre-export validation failed: %v" !BADKEY="refusing to export: JSONL content has changed since last import (import first to avoid data loss)"
time=2026-02-19T19:57:21.528+09:00 level=INFO msg="JSONL file created: %s" !BADKEY=/home/zhugehyuk/clawd/mission-control/.beads/issues.jsonl
time=2026-02-19T19:57:21.528+09:00 level=INFO msg="File change detected: %s" !BADKEY=/home/zhugehyuk/clawd/mission-control/.beads/issues.jsonl
time=2026-02-19T19:57:22.529+09:00 level=INFO msg="Import triggered by file change"
time=2026-02-19T19:57:22.529+09:00 level=INFO msg="Starting %s..." !BADKEY=auto-import
time=2026-02-19T19:57:22.529+09:00 level=INFO msg="JSONL content changed, proceeding with %s..." !BADKEY=auto-import
time=2026-02-19T19:57:22.531+09:00 level=INFO msg="⚠️  WARNING: Uncommitted local changes detected in %s" !BADKEY=/home/zhugehyuk/clawd/mission-control/.beads/issues.jsonl
time=2026-02-19T19:57:22.531+09:00 level=INFO msg="   Pulling from remote may overwrite local unpushed changes."
time=2026-02-19T19:57:22.531+09:00 level=INFO msg="   Consider running 'bd sync' to commit and push your changes first."
time=2026-02-19T19:57:23.231+09:00 level=INFO msg="Git ref change detected: %s" !BADKEY=/home/zhugehyuk/clawd/mission-control/.git/refs/heads/main.lock
time=2026-02-19T19:57:23.307+09:00 level=INFO msg="Pulled from remote"
time=2026-02-19T19:57:23.311+09:00 level=INFO msg="Imported from JSONL"
time=2026-02-19T19:57:23.312+09:00 level=INFO msg="Auto-import complete"
time=2026-02-19T19:57:24.233+09:00 level=INFO msg="Import triggered by file change"
time=2026-02-19T19:57:24.234+09:00 level=INFO msg="Starting %s..." !BADKEY=auto-import
time=2026-02-19T19:57:24.234+09:00 level=INFO msg="Skipping %s: JSONL content unchanged" !BADKEY=auto-import
time=2026-02-19T19:57:30.123+09:00 level=INFO msg="JSONL file created: %s" !BADKEY=/home/zhugehyuk/clawd/mission-control/.beads/issues.jsonl
time=2026-02-19T19:57:30.123+09:00 level=INFO msg="File change detected: %s" !BADKEY=/home/zhugehyuk/clawd/mission-control/.beads/issues.jsonl
time=2026-02-19T19:57:30.130+09:00 level=INFO msg="Git ref change detected: %s" !BADKEY=/home/zhugehyuk/clawd/mission-control/.git/refs/heads/main.lock
time=2026-02-19T19:57:31.131+09:00 level=INFO msg="Import triggered by file change"
time=2026-02-19T19:57:31.131+09:00 level=INFO msg="Starting %s..." !BADKEY=auto-import
time=2026-02-19T19:57:31.132+09:00 level=INFO msg="Skipping %s: JSONL content unchanged" !BADKEY=auto-import
time=2026-02-19T19:58:48.119+09:00 level=INFO msg="Mutation detected: %s %s" create=mc-b1j.19
time=2026-02-19T19:58:48.154+09:00 level=INFO msg="Mutation detected: %s %s" create=mc-b1j.20
time=2026-02-19T19:58:48.655+09:00 level=INFO msg="Export triggered by mutation events"
time=2026-02-19T19:58:48.655+09:00 level=INFO msg="Starting %s..." !BADKEY=export
time=2026-02-19T19:58:48.659+09:00 level=INFO msg="JSONL file created: %s" !BADKEY=/home/zhugehyuk/clawd/mission-control/.beads/issues.jsonl
time=2026-02-19T19:58:48.660+09:00 level=INFO msg="Exported to JSONL"
time=2026-02-19T19:58:48.660+09:00 level=INFO msg="Export complete"
time=2026-02-19T19:58:49.660+09:00 level=INFO msg="Import triggered by file change"
time=2026-02-19T19:58:49.660+09:00 level=INFO msg="Starting %s..." !BADKEY=auto-import
time=2026-02-19T19:58:49.661+09:00 level=INFO msg="JSONL content changed, proceeding with %s..." !BADKEY=auto-import
time=2026-02-19T19:58:49.662+09:00 level=INFO msg="⚠️  WARNING: Uncommitted local changes detected in %s" !BADKEY=/home/zhugehyuk/clawd/mission-control/.beads/issues.jsonl
time=2026-02-19T19:58:49.662+09:00 level=INFO msg="   Pulling from remote may overwrite local unpushed changes."
time=2026-02-19T19:58:49.662+09:00 level=INFO msg="   Consider running 'bd sync' to commit and push your changes first."
time=2026-02-19T19:58:50.153+09:00 level=INFO msg="Pulled from remote"
time=2026-02-19T19:58:50.157+09:00 level=INFO msg="Imported from JSONL"
time=2026-02-19T19:58:50.157+09:00 level=INFO msg="Auto-import complete"
time=2026-02-19T19:58:55.952+09:00 level=INFO msg="Mutation detected: %s %s" comment=mc-b1j
time=2026-02-19T19:58:57.575+09:00 level=INFO msg="Export triggered by mutation events"
time=2026-02-19T19:58:57.575+09:00 level=INFO msg="Starting %s..." !BADKEY=export
time=2026-02-19T19:58:57.576+09:00 level=INFO msg="Pre-export validation failed: %v" !BADKEY="refusing to export: JSONL content has changed since last import (import first to avoid data loss)"
time=2026-02-19T19:59:10.069+09:00 level=INFO msg="Mutation detected: %s %s" comment=mc-p7w
time=2026-02-19T19:59:10.571+09:00 level=INFO msg="Export triggered by mutation events"
time=2026-02-19T19:59:10.571+09:00 level=INFO msg="Starting %s..." !BADKEY=export
time=2026-02-19T19:59:10.571+09:00 level=INFO msg="Pre-export validation failed: %v" !BADKEY="refusing to export: JSONL content has changed since last import (import first to avoid data loss)"
time=2026-02-19T20:03:28.777+09:00 level=INFO msg="Mutation detected: %s %s" create=mc-b1j.21
time=2026-02-19T20:03:28.812+09:00 level=INFO msg="Mutation detected: %s %s" update=mc-b1j.19
time=2026-02-19T20:03:28.839+09:00 level=INFO msg="Mutation detected: %s %s" update=mc-b1j.20
time=2026-02-19T20:03:29.339+09:00 level=INFO msg="Export triggered by mutation events"
time=2026-02-19T20:03:29.340+09:00 level=INFO msg="Starting %s..." !BADKEY=export
time=2026-02-19T20:03:29.350+09:00 level=INFO msg="Pre-export validation failed: %v" !BADKEY="refusing to export: JSONL content has changed since last import (import first to avoid data loss)"
time=2026-02-19T20:04:30.049+09:00 level=INFO msg="Mutation detected: %s %s" comment=mc-b1j.21
time=2026-02-19T20:04:30.551+09:00 level=INFO msg="Export triggered by mutation events"
time=2026-02-19T20:04:30.551+09:00 level=INFO msg="Starting %s..." !BADKEY=export
time=2026-02-19T20:04:30.551+09:00 level=INFO msg="Pre-export validation failed: %v" !BADKEY="refusing to export: JSONL content has changed since last import (import first to avoid data loss)"
time=2026-02-19T20:07:43.494+09:00 level=INFO msg="Mutation detected: %s %s" create=mc-6yy.7
time=2026-02-19T20:07:43.995+09:00 level=INFO msg="Export triggered by mutation events"
time=2026-02-19T20:07:43.996+09:00 level=INFO msg="Starting %s..." !BADKEY=export
time=2026-02-19T20:07:43.996+09:00 level=INFO msg="Pre-export validation failed: %v" !BADKEY="refusing to export: JSONL content has changed since last import (import first to avoid data loss)"
time=2026-02-19T20:08:07.251+09:00 level=INFO msg="File change detected: %s" !BADKEY=/home/zhugehyuk/clawd/mission-control/.beads/issues.jsonl
time=2026-02-19T20:08:07.251+09:00 level=INFO msg="JSONL removed/renamed, re-establishing watch"
time=2026-02-19T20:08:07.302+09:00 level=INFO msg="Successfully re-established JSONL watch after %v" !BADKEY=50ms
time=2026-02-19T20:08:07.302+09:00 level=INFO msg="JSONL file created: %s" !BADKEY=/home/zhugehyuk/clawd/mission-control/.beads/issues.jsonl
time=2026-02-19T20:08:08.304+09:00 level=INFO msg="Import triggered by file change"
time=2026-02-19T20:08:08.304+09:00 level=INFO msg="Starting %s..." !BADKEY=auto-import
time=2026-02-19T20:08:08.304+09:00 level=INFO msg="Skipping %s: JSONL content unchanged" !BADKEY=auto-import
time=2026-02-19T20:08:14.593+09:00 level=INFO msg="JSONL file created: %s" !BADKEY=/home/zhugehyuk/clawd/mission-control/.beads/issues.jsonl
time=2026-02-19T20:08:14.593+09:00 level=INFO msg="File change detected: %s" !BADKEY=/home/zhugehyuk/clawd/mission-control/.beads/issues.jsonl
time=2026-02-19T20:08:15.594+09:00 level=INFO msg="Import triggered by file change"
time=2026-02-19T20:08:15.594+09:00 level=INFO msg="Starting %s..." !BADKEY=auto-import
time=2026-02-19T20:08:15.594+09:00 level=INFO msg="JSONL content changed, proceeding with %s..." !BADKEY=auto-import
time=2026-02-19T20:08:16.181+09:00 level=INFO msg="Pull failed: %v (backoff: %v)" !BADKEY="git pull failed: exit status 1\nfatal: couldn't find remote ref docs/prd-v2-hierarchy\n" !BADKEY=30s
time=2026-02-19T20:08:42.786+09:00 level=INFO msg="File change detected: %s" !BADKEY=/home/zhugehyuk/clawd/mission-control/.beads/issues.jsonl
time=2026-02-19T20:08:42.786+09:00 level=INFO msg="JSONL removed/renamed, re-establishing watch"
time=2026-02-19T20:08:42.836+09:00 level=INFO msg="Successfully re-established JSONL watch after %v" !BADKEY=50ms
time=2026-02-19T20:08:42.836+09:00 level=INFO msg="JSONL file created: %s" !BADKEY=/home/zhugehyuk/clawd/mission-control/.beads/issues.jsonl
time=2026-02-19T20:08:43.838+09:00 level=INFO msg="Import triggered by file change"
time=2026-02-19T20:08:43.839+09:00 level=INFO msg="Skipping %s: in backoff period" !BADKEY=auto-import
time=2026-02-19T20:08:52.589+09:00 level=INFO msg="JSONL file created: %s" !BADKEY=/home/zhugehyuk/clawd/mission-control/.beads/issues.jsonl
time=2026-02-19T20:08:52.589+09:00 level=INFO msg="File change detected: %s" !BADKEY=/home/zhugehyuk/clawd/mission-control/.beads/issues.jsonl
time=2026-02-19T20:08:53.591+09:00 level=INFO msg="Import triggered by file change"
time=2026-02-19T20:08:53.592+09:00 level=INFO msg="Starting %s..." !BADKEY=auto-import
time=2026-02-19T20:08:53.593+09:00 level=INFO msg="JSONL content changed, proceeding with %s..." !BADKEY=auto-import
time=2026-02-19T20:08:54.137+09:00 level=INFO msg="Pull failed: %v (backoff: %v)" !BADKEY="git pull failed: exit status 1\nfatal: couldn't find remote ref docs/prd-v2-hierarchy\n" !BADKEY=1m0s
time=2026-02-19T20:09:25.779+09:00 level=INFO msg="File change detected: %s" !BADKEY=/home/zhugehyuk/clawd/mission-control/.beads/issues.jsonl
time=2026-02-19T20:09:25.779+09:00 level=INFO msg="JSONL removed/renamed, re-establishing watch"
time=2026-02-19T20:09:25.830+09:00 level=INFO msg="Successfully re-established JSONL watch after %v" !BADKEY=50ms
time=2026-02-19T20:09:25.830+09:00 level=INFO msg="JSONL file created: %s" !BADKEY=/home/zhugehyuk/clawd/mission-control/.beads/issues.jsonl
time=2026-02-19T20:09:26.832+09:00 level=INFO msg="Import triggered by file change"
time=2026-02-19T20:09:26.832+09:00 level=INFO msg="Skipping %s: in backoff period" !BADKEY=auto-import
time=2026-02-19T20:09:32.349+09:00 level=INFO msg="JSONL file created: %s" !BADKEY=/home/zhugehyuk/clawd/mission-control/.beads/issues.jsonl
time=2026-02-19T20:09:32.349+09:00 level=INFO msg="File change detected: %s" !BADKEY=/home/zhugehyuk/clawd/mission-control/.beads/issues.jsonl
time=2026-02-19T20:09:33.351+09:00 level=INFO msg="Import triggered by file change"
time=2026-02-19T20:09:33.351+09:00 level=INFO msg="Skipping %s: in backoff period" !BADKEY=auto-import
time=2026-02-19T20:12:34.512+09:00 level=INFO msg="Mutation detected: %s %s" update=mc-b1j.6
time=2026-02-19T20:12:35.013+09:00 level=INFO msg="Export triggered by mutation events"
time=2026-02-19T20:12:35.013+09:00 level=INFO msg="Starting %s..." !BADKEY=export
time=2026-02-19T20:12:35.013+09:00 level=INFO msg="Pre-export validation failed: %v" !BADKEY="refusing to export: JSONL content has changed since last import (import first to avoid data loss)"
time=2026-02-19T20:12:35.039+09:00 level=INFO msg="Mutation detected: %s %s" update=mc-b1j.6
time=2026-02-19T20:12:35.540+09:00 level=INFO msg="Export triggered by mutation events"
time=2026-02-19T20:12:35.540+09:00 level=INFO msg="Starting %s..." !BADKEY=export
time=2026-02-19T20:12:35.541+09:00 level=INFO msg="Pre-export validation failed: %v" !BADKEY="refusing to export: JSONL content has changed since last import (import first to avoid data loss)"
time=2026-02-19T20:12:41.974+09:00 level=INFO msg="Mutation detected: %s %s" update=mc-b1j.6
time=2026-02-19T20:12:42.475+09:00 level=INFO msg="Export triggered by mutation events"
time=2026-02-19T20:12:42.475+09:00 level=INFO msg="Starting %s..." !BADKEY=export
time=2026-02-19T20:12:42.475+09:00 level=INFO msg="Pre-export validation failed: %v" !BADKEY="refusing to export: JSONL content has changed since last import (import first to avoid data loss)"
time=2026-02-19T20:12:42.904+09:00 level=INFO msg="Mutation detected: %s %s" update=mc-b1j.7
time=2026-02-19T20:12:43.405+09:00 level=INFO msg="Export triggered by mutation events"
time=2026-02-19T20:12:43.405+09:00 level=INFO msg="Starting %s..." !BADKEY=export
time=2026-02-19T20:12:43.405+09:00 level=INFO msg="Pre-export validation failed: %v" !BADKEY="refusing to export: JSONL content has changed since last import (import first to avoid data loss)"
time=2026-02-19T20:12:55.171+09:00 level=INFO msg="Mutation detected: %s %s" create=mc-b1j.22
time=2026-02-19T20:12:55.671+09:00 level=INFO msg="Export triggered by mutation events"
time=2026-02-19T20:12:55.671+09:00 level=INFO msg="Starting %s..." !BADKEY=export
time=2026-02-19T20:12:55.672+09:00 level=INFO msg="Pre-export validation failed: %v" !BADKEY="refusing to export: JSONL content has changed since last import (import first to avoid data loss)"
time=2026-02-19T20:12:58.091+09:00 level=INFO msg="Mutation detected: %s %s" update=mc-b1j.19
time=2026-02-19T20:12:58.592+09:00 level=INFO msg="Export triggered by mutation events"
time=2026-02-19T20:12:58.592+09:00 level=INFO msg="Starting %s..." !BADKEY=export
time=2026-02-19T20:12:58.592+09:00 level=INFO msg="Pre-export validation failed: %v" !BADKEY="refusing to export: JSONL content has changed since last import (import first to avoid data loss)"
time=2026-02-19T20:13:01.791+09:00 level=INFO msg="Mutation detected: %s %s" update=mc-b1j.19
time=2026-02-19T20:13:02.292+09:00 level=INFO msg="Export triggered by mutation events"
time=2026-02-19T20:13:02.292+09:00 level=INFO msg="Starting %s..." !BADKEY=export
time=2026-02-19T20:13:02.292+09:00 level=INFO msg="Pre-export validation failed: %v" !BADKEY="refusing to export: JSONL content has changed since last import (import first to avoid data loss)"
time=2026-02-19T20:13:04.903+09:00 level=INFO msg="Mutation detected: %s %s" update=mc-b1j.19
time=2026-02-19T20:13:05.371+09:00 level=INFO msg="Mutation detected: %s %s" create=mc-b1j.23
time=2026-02-19T20:13:05.871+09:00 level=INFO msg="Export triggered by mutation events"
time=2026-02-19T20:13:05.871+09:00 level=INFO msg="Starting %s..." !BADKEY=export
time=2026-02-19T20:13:05.872+09:00 level=INFO msg="Pre-export validation failed: %v" !BADKEY="refusing to export: JSONL content has changed since last import (import first to avoid data loss)"
time=2026-02-19T20:13:10.743+09:00 level=INFO msg="Mutation detected: %s %s" update=mc-b1j.20
time=2026-02-19T20:13:11.244+09:00 level=INFO msg="Export triggered by mutation events"
time=2026-02-19T20:13:11.244+09:00 level=INFO msg="Starting %s..." !BADKEY=export
time=2026-02-19T20:13:11.244+09:00 level=INFO msg="Pre-export validation failed: %v" !BADKEY="refusing to export: JSONL content has changed since last import (import first to avoid data loss)"
time=2026-02-19T20:13:16.089+09:00 level=INFO msg="Mutation detected: %s %s" update=mc-b1j.20
time=2026-02-19T20:13:16.591+09:00 level=INFO msg="Export triggered by mutation events"
time=2026-02-19T20:13:16.591+09:00 level=INFO msg="Starting %s..." !BADKEY=export
time=2026-02-19T20:13:16.591+09:00 level=INFO msg="Pre-export validation failed: %v" !BADKEY="refusing to export: JSONL content has changed since last import (import first to avoid data loss)"
time=2026-02-19T20:13:17.048+09:00 level=INFO msg="Mutation detected: %s %s" update=mc-b1j.23
time=2026-02-19T20:13:17.548+09:00 level=INFO msg="Export triggered by mutation events"
time=2026-02-19T20:13:17.549+09:00 level=INFO msg="Starting %s..." !BADKEY=export
time=2026-02-19T20:13:17.549+09:00 level=INFO msg="Pre-export validation failed: %v" !BADKEY="refusing to export: JSONL content has changed since last import (import first to avoid data loss)"
time=2026-02-19T20:13:19.083+09:00 level=INFO msg="Mutation detected: %s %s" update=mc-b1j.20
time=2026-02-19T20:13:19.584+09:00 level=INFO msg="Export triggered by mutation events"
time=2026-02-19T20:13:19.584+09:00 level=INFO msg="Starting %s..." !BADKEY=export
time=2026-02-19T20:13:19.585+09:00 level=INFO msg="Pre-export validation failed: %v" !BADKEY="refusing to export: JSONL content has changed since last import (import first to avoid data loss)"
time=2026-02-19T20:13:54.639+09:00 level=INFO msg="Mutation detected: %s %s" create=mc-b1j.24
time=2026-02-19T20:13:55.141+09:00 level=INFO msg="Export triggered by mutation events"
time=2026-02-19T20:13:55.144+09:00 level=INFO msg="Starting %s..." !BADKEY=export
time=2026-02-19T20:13:55.144+09:00 level=INFO msg="Pre-export validation failed: %v" !BADKEY="refusing to export: JSONL content has changed since last import (import first to avoid data loss)"
time=2026-02-19T20:14:30.027+09:00 level=INFO msg="Mutation detected: %s %s" create=mc-b1j.25
time=2026-02-19T20:14:30.528+09:00 level=INFO msg="Export triggered by mutation events"
time=2026-02-19T20:14:30.528+09:00 level=INFO msg="Starting %s..." !BADKEY=export
time=2026-02-19T20:14:30.529+09:00 level=INFO msg="Pre-export validation failed: %v" !BADKEY="refusing to export: JSONL content has changed since last import (import first to avoid data loss)"
time=2026-02-19T20:14:32.663+09:00 level=INFO msg="Mutation detected: %s %s" update=mc-b1j.25
time=2026-02-19T20:14:33.164+09:00 level=INFO msg="Export triggered by mutation events"
time=2026-02-19T20:14:33.165+09:00 level=INFO msg="Starting %s..." !BADKEY=export
time=2026-02-19T20:14:33.165+09:00 level=INFO msg="Pre-export validation failed: %v" !BADKEY="refusing to export: JSONL content has changed since last import (import first to avoid data loss)"
time=2026-02-19T20:14:35.318+09:00 level=INFO msg="Mutation detected: %s %s" update=mc-b1j.24
time=2026-02-19T20:14:35.346+09:00 level=INFO msg="Mutation detected: %s %s" update=mc-b1j.24
time=2026-02-19T20:14:35.847+09:00 level=INFO msg="Export triggered by mutation events"
time=2026-02-19T20:14:35.847+09:00 level=INFO msg="Starting %s..." !BADKEY=export
time=2026-02-19T20:14:35.847+09:00 level=INFO msg="Pre-export validation failed: %v" !BADKEY="refusing to export: JSONL content has changed since last import (import first to avoid data loss)"
time=2026-02-19T20:14:52.851+09:00 level=INFO msg="Mutation detected: %s %s" status=mc-b1j.20
time=2026-02-19T20:14:53.352+09:00 level=INFO msg="Export triggered by mutation events"
time=2026-02-19T20:14:53.352+09:00 level=INFO msg="Starting %s..." !BADKEY=export
time=2026-02-19T20:14:53.352+09:00 level=INFO msg="Pre-export validation failed: %v" !BADKEY="refusing to export: JSONL content has changed since last import (import first to avoid data loss)"
time=2026-02-19T20:15:01.862+09:00 level=INFO msg="Mutation detected: %s %s" status=mc-6yy.6
time=2026-02-19T20:15:02.363+09:00 level=INFO msg="Export triggered by mutation events"
time=2026-02-19T20:15:02.363+09:00 level=INFO msg="Starting %s..." !BADKEY=export
time=2026-02-19T20:15:02.364+09:00 level=INFO msg="Pre-export validation failed: %v" !BADKEY="refusing to export: JSONL content has changed since last import (import first to avoid data loss)"
time=2026-02-19T20:15:19.157+09:00 level=INFO msg="Mutation detected: %s %s" status=mc-b1j.19
time=2026-02-19T20:15:19.658+09:00 level=INFO msg="Export triggered by mutation events"
time=2026-02-19T20:15:19.658+09:00 level=INFO msg="Starting %s..." !BADKEY=export
time=2026-02-19T20:15:19.658+09:00 level=INFO msg="Pre-export validation failed: %v" !BADKEY="refusing to export: JSONL content has changed since last import (import first to avoid data loss)"
time=2026-02-19T20:15:25.794+09:00 level=INFO msg="Mutation detected: %s %s" comment=mc-b1j.21
time=2026-02-19T20:15:26.296+09:00 level=INFO msg="Export triggered by mutation events"
time=2026-02-19T20:15:26.296+09:00 level=INFO msg="Starting %s..." !BADKEY=export
time=2026-02-19T20:15:26.296+09:00 level=INFO msg="Pre-export validation failed: %v" !BADKEY="refusing to export: JSONL content has changed since last import (import first to avoid data loss)"
time=2026-02-19T20:15:33.248+09:00 level=INFO msg="Mutation detected: %s %s" update=mc-b1j.6
time=2026-02-19T20:15:33.748+09:00 level=INFO msg="Export triggered by mutation events"
time=2026-02-19T20:15:33.749+09:00 level=INFO msg="Starting %s..." !BADKEY=export
time=2026-02-19T20:15:33.750+09:00 level=INFO msg="Pre-export validation failed: %v" !BADKEY="refusing to export: JSONL content has changed since last import (import first to avoid data loss)"
time=2026-02-19T20:15:41.088+09:00 level=INFO msg="Mutation detected: %s %s" update=mc-b1j.8
time=2026-02-19T20:15:41.588+09:00 level=INFO msg="Export triggered by mutation events"
time=2026-02-19T20:15:41.589+09:00 level=INFO msg="Starting %s..." !BADKEY=export
time=2026-02-19T20:15:41.590+09:00 level=INFO msg="Pre-export validation failed: %v" !BADKEY="refusing to export: JSONL content has changed since last import (import first to avoid data loss)"
time=2026-02-19T20:15:50.220+09:00 level=INFO msg="Mutation detected: %s %s" update=mc-b1j.9
time=2026-02-19T20:15:50.720+09:00 level=INFO msg="Export triggered by mutation events"
time=2026-02-19T20:15:50.721+09:00 level=INFO msg="Starting %s..." !BADKEY=export
time=2026-02-19T20:15:50.721+09:00 level=INFO msg="Pre-export validation failed: %v" !BADKEY="refusing to export: JSONL content has changed since last import (import first to avoid data loss)"
time=2026-02-19T20:16:03.478+09:00 level=INFO msg="JSONL file created: %s" !BADKEY=/home/zhugehyuk/clawd/mission-control/.beads/issues.jsonl
time=2026-02-19T20:16:03.478+09:00 level=INFO msg="File change detected: %s" !BADKEY=/home/zhugehyuk/clawd/mission-control/.beads/issues.jsonl
time=2026-02-19T20:16:04.479+09:00 level=INFO msg="Import triggered by file change"
time=2026-02-19T20:16:04.479+09:00 level=INFO msg="Starting %s..." !BADKEY=auto-import
time=2026-02-19T20:16:04.480+09:00 level=INFO msg="JSONL content changed, proceeding with %s..." !BADKEY=auto-import
time=2026-02-19T20:16:04.482+09:00 level=INFO msg="⚠️  WARNING: Uncommitted local changes detected in %s" !BADKEY=/home/zhugehyuk/clawd/mission-control/.beads/issues.jsonl
time=2026-02-19T20:16:04.482+09:00 level=INFO msg="   Pulling from remote may overwrite local unpushed changes."
time=2026-02-19T20:16:04.482+09:00 level=INFO msg="   Consider running 'bd sync' to commit and push your changes first."
time=2026-02-19T20:16:04.949+09:00 level=INFO msg="Pulled from remote"
time=2026-02-19T20:16:04.953+09:00 level=INFO msg="Imported from JSONL"
time=2026-02-19T20:16:04.953+09:00 level=INFO msg="Auto-import complete"
time=2026-02-19T20:16:42.816+09:00 level=INFO msg="JSONL file created: %s" !BADKEY=/home/zhugehyuk/clawd/mission-control/.beads/issues.jsonl
time=2026-02-19T20:16:42.816+09:00 level=INFO msg="File change detected: %s" !BADKEY=/home/zhugehyuk/clawd/mission-control/.beads/issues.jsonl
time=2026-02-19T20:16:43.817+09:00 level=INFO msg="Import triggered by file change"
time=2026-02-19T20:16:43.817+09:00 level=INFO msg="Starting %s..." !BADKEY=auto-import
time=2026-02-19T20:16:43.826+09:00 level=INFO msg="Skipping %s: JSONL content unchanged" !BADKEY=auto-import
time=2026-02-19T20:16:45.216+09:00 level=INFO msg="Mutation detected: %s %s" comment=mc-b1j.19
time=2026-02-19T20:16:45.717+09:00 level=INFO msg="Export triggered by mutation events"
time=2026-02-19T20:16:45.717+09:00 level=INFO msg="Starting %s..." !BADKEY=export
time=2026-02-19T20:16:45.722+09:00 level=INFO msg="JSONL file created: %s" !BADKEY=/home/zhugehyuk/clawd/mission-control/.beads/issues.jsonl
time=2026-02-19T20:16:45.722+09:00 level=INFO msg="File change detected: %s" !BADKEY=/home/zhugehyuk/clawd/mission-control/.beads/issues.jsonl
time=2026-02-19T20:16:45.724+09:00 level=INFO msg="Exported to JSONL"
time=2026-02-19T20:16:45.724+09:00 level=INFO msg="Export complete"
time=2026-02-19T20:16:46.723+09:00 level=INFO msg="Import triggered by file change"
time=2026-02-19T20:16:46.724+09:00 level=INFO msg="Starting %s..." !BADKEY=auto-import
time=2026-02-19T20:16:46.724+09:00 level=INFO msg="JSONL content changed, proceeding with %s..." !BADKEY=auto-import
time=2026-02-19T20:16:46.726+09:00 level=INFO msg="⚠️  WARNING: Uncommitted local changes detected in %s" !BADKEY=/home/zhugehyuk/clawd/mission-control/.beads/issues.jsonl
time=2026-02-19T20:16:46.726+09:00 level=INFO msg="   Pulling from remote may overwrite local unpushed changes."
time=2026-02-19T20:16:46.726+09:00 level=INFO msg="   Consider running 'bd sync' to commit and push your changes first."
time=2026-02-19T20:16:47.244+09:00 level=INFO msg="Pulled from remote"
time=2026-02-19T20:16:47.248+09:00 level=INFO msg="Imported from JSONL"
time=2026-02-19T20:16:47.249+09:00 level=INFO msg="Auto-import complete"
time=2026-02-19T20:17:00.421+09:00 level=INFO msg="Mutation detected: %s %s" status=mc-b1j.19
time=2026-02-19T20:17:00.922+09:00 level=INFO msg="Export triggered by mutation events"
time=2026-02-19T20:17:00.923+09:00 level=INFO msg="Starting %s..." !BADKEY=export
time=2026-02-19T20:17:00.923+09:00 level=INFO msg="Pre-export validation failed: %v" !BADKEY="refusing to export: JSONL content has changed since last import (import first to avoid data loss)"
time=2026-02-19T20:17:23.527+09:00 level=INFO msg="Mutation detected: %s %s" status=mc-b1j.21
time=2026-02-19T20:17:24.027+09:00 level=INFO msg="Export triggered by mutation events"
time=2026-02-19T20:17:24.028+09:00 level=INFO msg="Starting %s..." !BADKEY=export
time=2026-02-19T20:17:24.028+09:00 level=INFO msg="Pre-export validation failed: %v" !BADKEY="refusing to export: JSONL content has changed since last import (import first to avoid data loss)"
time=2026-02-19T20:17:40.187+09:00 level=INFO msg="File change detected: %s" !BADKEY=/home/zhugehyuk/clawd/mission-control/.beads/issues.jsonl
time=2026-02-19T20:17:40.187+09:00 level=INFO msg="JSONL removed/renamed, re-establishing watch"
time=2026-02-19T20:17:40.238+09:00 level=INFO msg="Successfully re-established JSONL watch after %v" !BADKEY=50ms
time=2026-02-19T20:17:40.238+09:00 level=INFO msg="JSONL file created: %s" !BADKEY=/home/zhugehyuk/clawd/mission-control/.beads/issues.jsonl
time=2026-02-19T20:17:41.239+09:00 level=INFO msg="Import triggered by file change"
time=2026-02-19T20:17:41.239+09:00 level=INFO msg="Starting %s..." !BADKEY=auto-import
time=2026-02-19T20:17:41.239+09:00 level=INFO msg="Skipping %s: JSONL content unchanged" !BADKEY=auto-import
time=2026-02-19T20:17:42.342+09:00 level=INFO msg="File change detected: %s" !BADKEY=/home/zhugehyuk/clawd/mission-control/.beads/issues.jsonl
time=2026-02-19T20:17:42.342+09:00 level=INFO msg="JSONL removed/renamed, re-establishing watch"
time=2026-02-19T20:17:42.392+09:00 level=INFO msg="Successfully re-established JSONL watch after %v" !BADKEY=50ms
time=2026-02-19T20:17:42.392+09:00 level=INFO msg="JSONL file created: %s" !BADKEY=/home/zhugehyuk/clawd/mission-control/.beads/issues.jsonl
time=2026-02-19T20:17:43.049+09:00 level=INFO msg="File change detected: %s" !BADKEY=/home/zhugehyuk/clawd/mission-control/.beads/issues.jsonl
time=2026-02-19T20:17:43.049+09:00 level=INFO msg="JSONL removed/renamed, re-establishing watch"
time=2026-02-19T20:17:43.099+09:00 level=INFO msg="Successfully re-established JSONL watch after %v" !BADKEY=50ms
time=2026-02-19T20:17:43.099+09:00 level=INFO msg="JSONL file created: %s" !BADKEY=/home/zhugehyuk/clawd/mission-control/.beads/issues.jsonl
time=2026-02-19T20:17:43.099+09:00 level=INFO msg="Git ref change detected: %s" !BADKEY=/home/zhugehyuk/clawd/mission-control/.git/refs/heads/main.lock
time=2026-02-19T20:17:43.394+09:00 level=INFO msg="Import triggered by file change"
time=2026-02-19T20:17:43.396+09:00 level=INFO msg="Starting %s..." !BADKEY=auto-import
time=2026-02-19T20:17:43.397+09:00 level=INFO msg="Skipping %s: JSONL content unchanged" !BADKEY=auto-import
time=2026-02-19T20:17:44.102+09:00 level=INFO msg="Import triggered by file change"
time=2026-02-19T20:17:44.102+09:00 level=INFO msg="Starting %s..." !BADKEY=auto-import
time=2026-02-19T20:17:44.102+09:00 level=INFO msg="Skipping %s: JSONL content unchanged" !BADKEY=auto-import
time=2026-02-19T20:17:58.964+09:00 level=INFO msg="Mutation detected: %s %s" comment=mc-b1j
time=2026-02-19T20:17:59.464+09:00 level=INFO msg="Export triggered by mutation events"
time=2026-02-19T20:17:59.465+09:00 level=INFO msg="Starting %s..." !BADKEY=export
time=2026-02-19T20:17:59.469+09:00 level=INFO msg="JSONL file created: %s" !BADKEY=/home/zhugehyuk/clawd/mission-control/.beads/issues.jsonl
time=2026-02-19T20:17:59.469+09:00 level=INFO msg="File change detected: %s" !BADKEY=/home/zhugehyuk/clawd/mission-control/.beads/issues.jsonl
time=2026-02-19T20:17:59.471+09:00 level=INFO msg="Exported to JSONL"
time=2026-02-19T20:17:59.471+09:00 level=INFO msg="Export complete"
time=2026-02-19T20:18:01.780+09:00 level=INFO msg="Import triggered by file change"
time=2026-02-19T20:18:01.781+09:00 level=INFO msg="Starting %s..." !BADKEY=auto-import
time=2026-02-19T20:18:01.781+09:00 level=INFO msg="JSONL content changed, proceeding with %s..." !BADKEY=auto-import
time=2026-02-19T20:18:01.783+09:00 level=INFO msg="⚠️  WARNING: Uncommitted local changes detected in %s" !BADKEY=/home/zhugehyuk/clawd/mission-control/.beads/issues.jsonl
time=2026-02-19T20:18:01.783+09:00 level=INFO msg="   Pulling from remote may overwrite local unpushed changes."
time=2026-02-19T20:18:01.783+09:00 level=INFO msg="   Consider running 'bd sync' to commit and push your changes first."
time=2026-02-19T20:18:02.336+09:00 level=INFO msg="Pulled from remote"
time=2026-02-19T20:18:02.340+09:00 level=INFO msg="Imported from JSONL"
time=2026-02-19T20:18:02.341+09:00 level=INFO msg="Auto-import complete"
time=2026-02-19T20:18:06.559+09:00 level=INFO msg="Mutation detected: %s %s" status=mc-b1j.21
time=2026-02-19T20:18:07.060+09:00 level=INFO msg="Export triggered by mutation events"
time=2026-02-19T20:18:07.061+09:00 level=INFO msg="Starting %s..." !BADKEY=export
time=2026-02-19T20:18:07.061+09:00 level=INFO msg="Pre-export validation failed: %v" !BADKEY="refusing to export: JSONL content has changed since last import (import first to avoid data loss)"
time=2026-02-19T20:18:07.459+09:00 level=INFO msg="Mutation detected: %s %s" update=mc-b1j.6
time=2026-02-19T20:18:07.959+09:00 level=INFO msg="Export triggered by mutation events"
time=2026-02-19T20:18:07.960+09:00 level=INFO msg="Starting %s..." !BADKEY=export
time=2026-02-19T20:18:07.960+09:00 level=INFO msg="Pre-export validation failed: %v" !BADKEY="refusing to export: JSONL content has changed since last import (import first to avoid data loss)"
time=2026-02-19T20:18:19.757+09:00 level=INFO msg="JSONL file created: %s" !BADKEY=/home/zhugehyuk/clawd/mission-control/.beads/issues.jsonl
time=2026-02-19T20:18:19.757+09:00 level=INFO msg="File change detected: %s" !BADKEY=/home/zhugehyuk/clawd/mission-control/.beads/issues.jsonl
time=2026-02-19T20:18:20.759+09:00 level=INFO msg="Import triggered by file change"
time=2026-02-19T20:18:20.760+09:00 level=INFO msg="Starting %s..." !BADKEY=auto-import
time=2026-02-19T20:18:20.760+09:00 level=INFO msg="JSONL content changed, proceeding with %s..." !BADKEY=auto-import
time=2026-02-19T20:18:20.763+09:00 level=INFO msg="⚠️  WARNING: Uncommitted local changes detected in %s" !BADKEY=/home/zhugehyuk/clawd/mission-control/.beads/issues.jsonl
time=2026-02-19T20:18:20.763+09:00 level=INFO msg="   Pulling from remote may overwrite local unpushed changes."
time=2026-02-19T20:18:20.763+09:00 level=INFO msg="   Consider running 'bd sync' to commit and push your changes first."
time=2026-02-19T20:18:21.268+09:00 level=INFO msg="Pulled from remote"
time=2026-02-19T20:18:21.273+09:00 level=INFO msg="Imported from JSONL"
time=2026-02-19T20:18:21.273+09:00 level=INFO msg="Auto-import complete"
time=2026-02-19T20:18:23.901+09:00 level=INFO msg="Mutation detected: %s %s" comment=mc-b1j.24
time=2026-02-19T20:18:24.402+09:00 level=INFO msg="Export triggered by mutation events"
time=2026-02-19T20:18:24.403+09:00 level=INFO msg="Starting %s..." !BADKEY=export
time=2026-02-19T20:18:24.403+09:00 level=INFO msg="Pre-export validation failed: %v" !BADKEY="refusing to export: JSONL content has changed since last import (import first to avoid data loss)"
time=2026-02-19T20:18:26.674+09:00 level=INFO msg="Mutation detected: %s %s" status=mc-b1j.24
time=2026-02-19T20:18:27.172+09:00 level=INFO msg="JSONL file created: %s" !BADKEY=/home/zhugehyuk/clawd/mission-control/.beads/issues.jsonl
time=2026-02-19T20:18:27.172+09:00 level=INFO msg="File change detected: %s" !BADKEY=/home/zhugehyuk/clawd/mission-control/.beads/issues.jsonl
time=2026-02-19T20:18:27.175+09:00 level=INFO msg="Export triggered by mutation events"
time=2026-02-19T20:18:27.175+09:00 level=INFO msg="Starting %s..." !BADKEY=export
time=2026-02-19T20:18:27.175+09:00 level=INFO msg="Pre-export validation failed: %v" !BADKEY="refusing to export: JSONL content has changed since last import (import first to avoid data loss)"
time=2026-02-19T20:18:28.172+09:00 level=INFO msg="Import triggered by file change"
time=2026-02-19T20:18:28.172+09:00 level=INFO msg="Starting %s..." !BADKEY=auto-import
time=2026-02-19T20:18:28.173+09:00 level=INFO msg="JSONL content changed, proceeding with %s..." !BADKEY=auto-import
time=2026-02-19T20:18:28.692+09:00 level=INFO msg="Pull failed: %v (backoff: %v)" !BADKEY="git pull failed: exit status 1\nfatal: couldn't find remote ref chore/bd-mc-b1j.21-milestone\n" !BADKEY=30s
time=2026-02-19T20:18:30.771+09:00 level=INFO msg="Mutation detected: %s %s" comment=mc-b1j.25
time=2026-02-19T20:18:31.273+09:00 level=INFO msg="Export triggered by mutation events"
time=2026-02-19T20:18:31.273+09:00 level=INFO msg="Starting %s..." !BADKEY=export
time=2026-02-19T20:18:31.273+09:00 level=INFO msg="Pre-export validation failed: %v" !BADKEY="refusing to export: JSONL content has changed since last import (import first to avoid data loss)"
time=2026-02-19T20:18:33.233+09:00 level=INFO msg="Mutation detected: %s %s" status=mc-b1j.25
time=2026-02-19T20:18:33.734+09:00 level=INFO msg="Export triggered by mutation events"
time=2026-02-19T20:18:33.735+09:00 level=INFO msg="Starting %s..." !BADKEY=export
time=2026-02-19T20:18:33.735+09:00 level=INFO msg="Pre-export validation failed: %v" !BADKEY="refusing to export: JSONL content has changed since last import (import first to avoid data loss)"
time=2026-02-19T20:18:39.151+09:00 level=INFO msg="Mutation detected: %s %s" update=mc-b1j.16
time=2026-02-19T20:18:39.174+09:00 level=INFO msg="Mutation detected: %s %s" update=mc-b1j.17
time=2026-02-19T20:18:39.674+09:00 level=INFO msg="Export triggered by mutation events"
time=2026-02-19T20:18:39.675+09:00 level=INFO msg="Starting %s..." !BADKEY=export
time=2026-02-19T20:18:39.685+09:00 level=INFO msg="Pre-export validation failed: %v" !BADKEY="refusing to export: JSONL content has changed since last import (import first to avoid data loss)"
time=2026-02-19T20:18:58.792+09:00 level=INFO msg="File change detected: %s" !BADKEY=/home/zhugehyuk/clawd/mission-control/.beads/issues.jsonl
time=2026-02-19T20:18:58.792+09:00 level=INFO msg="JSONL removed/renamed, re-establishing watch"
time=2026-02-19T20:18:58.842+09:00 level=INFO msg="Successfully re-established JSONL watch after %v" !BADKEY=50ms
time=2026-02-19T20:18:58.842+09:00 level=INFO msg="JSONL file created: %s" !BADKEY=/home/zhugehyuk/clawd/mission-control/.beads/issues.jsonl
time=2026-02-19T20:18:59.465+09:00 level=INFO msg="File change detected: %s" !BADKEY=/home/zhugehyuk/clawd/mission-control/.beads/issues.jsonl
time=2026-02-19T20:18:59.465+09:00 level=INFO msg="JSONL removed/renamed, re-establishing watch"
time=2026-02-19T20:18:59.516+09:00 level=INFO msg="Successfully re-established JSONL watch after %v" !BADKEY=50ms
time=2026-02-19T20:18:59.516+09:00 level=INFO msg="JSONL file created: %s" !BADKEY=/home/zhugehyuk/clawd/mission-control/.beads/issues.jsonl
time=2026-02-19T20:18:59.516+09:00 level=INFO msg="Git ref change detected: %s" !BADKEY=/home/zhugehyuk/clawd/mission-control/.git/refs/heads/main.lock
time=2026-02-19T20:18:59.843+09:00 level=INFO msg="Import triggered by file change"
time=2026-02-19T20:18:59.845+09:00 level=INFO msg="Starting %s..." !BADKEY=auto-import
time=2026-02-19T20:18:59.845+09:00 level=INFO msg="Skipping %s: JSONL content unchanged" !BADKEY=auto-import
time=2026-02-19T20:19:00.517+09:00 level=INFO msg="Import triggered by file change"
time=2026-02-19T20:19:00.518+09:00 level=INFO msg="Starting %s..." !BADKEY=auto-import
time=2026-02-19T20:19:00.518+09:00 level=INFO msg="Skipping %s: JSONL content unchanged" !BADKEY=auto-import
time=2026-02-19T20:19:04.263+09:00 level=INFO msg="Mutation detected: %s %s" update=mc-6yy.1
time=2026-02-19T20:19:04.765+09:00 level=INFO msg="Export triggered by mutation events"
time=2026-02-19T20:19:04.765+09:00 level=INFO msg="Starting %s..." !BADKEY=export
time=2026-02-19T20:19:04.768+09:00 level=INFO msg="JSONL file created: %s" !BADKEY=/home/zhugehyuk/clawd/mission-control/.beads/issues.jsonl
time=2026-02-19T20:19:04.770+09:00 level=INFO msg="Exported to JSONL"
time=2026-02-19T20:19:04.770+09:00 level=INFO msg="Export complete"
time=2026-02-19T20:19:05.770+09:00 level=INFO msg="Import triggered by file change"
time=2026-02-19T20:19:05.770+09:00 level=INFO msg="Starting %s..." !BADKEY=auto-import
time=2026-02-19T20:19:05.770+09:00 level=INFO msg="JSONL content changed, proceeding with %s..." !BADKEY=auto-import
time=2026-02-19T20:19:05.772+09:00 level=INFO msg="⚠️  WARNING: Uncommitted local changes detected in %s" !BADKEY=/home/zhugehyuk/clawd/mission-control/.beads/issues.jsonl
time=2026-02-19T20:19:05.772+09:00 level=INFO msg="   Pulling from remote may overwrite local unpushed changes."
time=2026-02-19T20:19:05.772+09:00 level=INFO msg="   Consider running 'bd sync' to commit and push your changes first."
time=2026-02-19T20:19:06.221+09:00 level=INFO msg="Pulled from remote"
time=2026-02-19T20:19:06.225+09:00 level=INFO msg="Imported from JSONL"
time=2026-02-19T20:19:06.226+09:00 level=INFO msg="Auto-import complete"
time=2026-02-19T20:19:11.947+09:00 level=INFO msg="File change detected: %s" !BADKEY=/home/zhugehyuk/clawd/mission-control/.beads/issues.jsonl
time=2026-02-19T20:19:11.947+09:00 level=INFO msg="JSONL removed/renamed, re-establishing watch"
time=2026-02-19T20:19:11.997+09:00 level=INFO msg="Successfully re-established JSONL watch after %v" !BADKEY=50ms
time=2026-02-19T20:19:11.997+09:00 level=INFO msg="JSONL file created: %s" !BADKEY=/home/zhugehyuk/clawd/mission-control/.beads/issues.jsonl
time=2026-02-19T20:19:12.999+09:00 level=INFO msg="Import triggered by file change"
time=2026-02-19T20:19:12.999+09:00 level=INFO msg="Starting %s..." !BADKEY=auto-import
time=2026-02-19T20:19:12.999+09:00 level=INFO msg="Skipping %s: JSONL content unchanged" !BADKEY=auto-import
time=2026-02-19T20:19:14.408+09:00 level=INFO msg="Mutation detected: %s %s" update=mc-6yy.4
time=2026-02-19T20:19:14.908+09:00 level=INFO msg="Export triggered by mutation events"
time=2026-02-19T20:19:14.908+09:00 level=INFO msg="Starting %s..." !BADKEY=export
time=2026-02-19T20:19:14.912+09:00 level=INFO msg="JSONL file created: %s" !BADKEY=/home/zhugehyuk/clawd/mission-control/.beads/issues.jsonl
time=2026-02-19T20:19:14.914+09:00 level=INFO msg="Exported to JSONL"
time=2026-02-19T20:19:14.914+09:00 level=INFO msg="Export complete"
time=2026-02-19T20:19:15.913+09:00 level=INFO msg="Import triggered by file change"
time=2026-02-19T20:19:15.913+09:00 level=INFO msg="Starting %s..." !BADKEY=auto-import
time=2026-02-19T20:19:15.914+09:00 level=INFO msg="JSONL content changed, proceeding with %s..." !BADKEY=auto-import
time=2026-02-19T20:19:15.916+09:00 level=INFO msg="⚠️  WARNING: Uncommitted local changes detected in %s" !BADKEY=/home/zhugehyuk/clawd/mission-control/.beads/issues.jsonl
time=2026-02-19T20:19:15.916+09:00 level=INFO msg="   Pulling from remote may overwrite local unpushed changes."
time=2026-02-19T20:19:15.916+09:00 level=INFO msg="   Consider running 'bd sync' to commit and push your changes first."
time=2026-02-19T20:19:16.371+09:00 level=INFO msg="Pulled from remote"
time=2026-02-19T20:19:16.375+09:00 level=INFO msg="Imported from JSONL"
time=2026-02-19T20:19:16.375+09:00 level=INFO msg="Auto-import complete"
time=2026-02-19T20:19:24.834+09:00 level=INFO msg="Mutation detected: %s %s" update=mc-6yy.7
time=2026-02-19T20:19:25.335+09:00 level=INFO msg="Export triggered by mutation events"
time=2026-02-19T20:19:25.336+09:00 level=INFO msg="Starting %s..." !BADKEY=export
time=2026-02-19T20:19:25.336+09:00 level=INFO msg="Pre-export validation failed: %v" !BADKEY="refusing to export: JSONL content has changed since last import (import first to avoid data loss)"
time=2026-02-19T20:19:40.094+09:00 level=INFO msg="JSONL file created: %s" !BADKEY=/home/zhugehyuk/clawd/mission-control/.beads/issues.jsonl
time=2026-02-19T20:19:40.094+09:00 level=INFO msg="File change detected: %s" !BADKEY=/home/zhugehyuk/clawd/mission-control/.beads/issues.jsonl
time=2026-02-19T20:19:41.096+09:00 level=INFO msg="Import triggered by file change"
time=2026-02-19T20:19:41.096+09:00 level=INFO msg="Starting %s..." !BADKEY=auto-import
time=2026-02-19T20:19:41.096+09:00 level=INFO msg="JSONL content changed, proceeding with %s..." !BADKEY=auto-import
time=2026-02-19T20:19:41.098+09:00 level=INFO msg="⚠️  WARNING: Uncommitted local changes detected in %s" !BADKEY=/home/zhugehyuk/clawd/mission-control/.beads/issues.jsonl
time=2026-02-19T20:19:41.098+09:00 level=INFO msg="   Pulling from remote may overwrite local unpushed changes."
time=2026-02-19T20:19:41.098+09:00 level=INFO msg="   Consider running 'bd sync' to commit and push your changes first."
time=2026-02-19T20:19:41.555+09:00 level=INFO msg="Pulled from remote"
time=2026-02-19T20:19:41.560+09:00 level=INFO msg="Imported from JSONL"
time=2026-02-19T20:19:41.560+09:00 level=INFO msg="Auto-import complete"
time=2026-02-19T20:20:19.538+09:00 level=INFO msg="Mutation detected: %s %s" comment=mc-b1j
time=2026-02-19T20:20:20.039+09:00 level=INFO msg="Export triggered by mutation events"
time=2026-02-19T20:20:20.039+09:00 level=INFO msg="Starting %s..." !BADKEY=export
time=2026-02-19T20:20:20.040+09:00 level=INFO msg="Pre-export validation failed: %v" !BADKEY="refusing to export: JSONL content has changed since last import (import first to avoid data loss)"
time=2026-02-19T20:20:36.226+09:00 level=INFO msg="Mutation detected: %s %s" comment=mc-b1j
time=2026-02-19T20:20:36.727+09:00 level=INFO msg="Export triggered by mutation events"
time=2026-02-19T20:20:36.727+09:00 level=INFO msg="Starting %s..." !BADKEY=export
time=2026-02-19T20:20:36.727+09:00 level=INFO msg="Pre-export validation failed: %v" !BADKEY="refusing to export: JSONL content has changed since last import (import first to avoid data loss)"
time=2026-02-19T20:20:45.386+09:00 level=INFO msg="JSONL file created: %s" !BADKEY=/home/zhugehyuk/clawd/mission-control/.beads/issues.jsonl
time=2026-02-19T20:20:45.386+09:00 level=INFO msg="File change detected: %s" !BADKEY=/home/zhugehyuk/clawd/mission-control/.beads/issues.jsonl
time=2026-02-19T20:20:46.388+09:00 level=INFO msg="Import triggered by file change"
time=2026-02-19T20:20:46.388+09:00 level=INFO msg="Starting %s..." !BADKEY=auto-import
time=2026-02-19T20:20:46.388+09:00 level=INFO msg="JSONL content changed, proceeding with %s..." !BADKEY=auto-import
time=2026-02-19T20:20:46.390+09:00 level=INFO msg="⚠️  WARNING: Uncommitted local changes detected in %s" !BADKEY=/home/zhugehyuk/clawd/mission-control/.beads/issues.jsonl
time=2026-02-19T20:20:46.390+09:00 level=INFO msg="   Pulling from remote may overwrite local unpushed changes."
time=2026-02-19T20:20:46.390+09:00 level=INFO msg="   Consider running 'bd sync' to commit and push your changes first."
time=2026-02-19T20:20:46.875+09:00 level=INFO msg="Pulled from remote"
time=2026-02-19T20:20:46.880+09:00 level=INFO msg="Imported from JSONL"
time=2026-02-19T20:20:46.880+09:00 level=INFO msg="Auto-import complete"
time=2026-02-19T20:21:06.940+09:00 level=INFO msg="Git ref change detected: %s" !BADKEY=/home/zhugehyuk/clawd/mission-control/.git/refs/heads/main.lock
time=2026-02-19T20:21:07.942+09:00 level=INFO msg="Import triggered by file change"
time=2026-02-19T20:21:07.942+09:00 level=INFO msg="Starting %s..." !BADKEY=auto-import
time=2026-02-19T20:21:07.943+09:00 level=INFO msg="JSONL content changed, proceeding with %s..." !BADKEY=auto-import
time=2026-02-19T20:21:08.474+09:00 level=INFO msg="Pulled from remote"
time=2026-02-19T20:21:08.478+09:00 level=INFO msg="Imported from JSONL"
time=2026-02-19T20:21:08.479+09:00 level=INFO msg="Auto-import complete"
time=2026-02-19T20:22:10.186+09:00 level=INFO msg="Mutation detected: %s %s" comment=mc-p7w
time=2026-02-19T20:22:10.687+09:00 level=INFO msg="Export triggered by mutation events"
time=2026-02-19T20:22:10.688+09:00 level=INFO msg="Starting %s..." !BADKEY=export
time=2026-02-19T20:22:10.689+09:00 level=INFO msg="Pre-export validation failed: %v" !BADKEY="refusing to export: JSONL content has changed since last import (import first to avoid data loss)"
time=2026-02-19T20:22:27.966+09:00 level=INFO msg="File change detected: %s" !BADKEY=/home/zhugehyuk/clawd/mission-control/.beads/issues.jsonl
time=2026-02-19T20:22:27.966+09:00 level=INFO msg="JSONL removed/renamed, re-establishing watch"
time=2026-02-19T20:22:28.016+09:00 level=INFO msg="Successfully re-established JSONL watch after %v" !BADKEY=50ms
time=2026-02-19T20:22:28.016+09:00 level=INFO msg="JSONL file created: %s" !BADKEY=/home/zhugehyuk/clawd/mission-control/.beads/issues.jsonl
time=2026-02-19T20:22:29.018+09:00 level=INFO msg="Import triggered by file change"
time=2026-02-19T20:22:29.018+09:00 level=INFO msg="Starting %s..." !BADKEY=auto-import
time=2026-02-19T20:22:29.019+09:00 level=INFO msg="Skipping %s: JSONL content unchanged" !BADKEY=auto-import
time=2026-02-19T20:22:30.870+09:00 level=INFO msg="File change detected: %s" !BADKEY=/home/zhugehyuk/clawd/mission-control/.beads/issues.jsonl
time=2026-02-19T20:22:30.870+09:00 level=INFO msg="JSONL removed/renamed, re-establishing watch"
time=2026-02-19T20:22:30.921+09:00 level=INFO msg="Successfully re-established JSONL watch after %v" !BADKEY=50ms
time=2026-02-19T20:22:30.921+09:00 level=INFO msg="JSONL file created: %s" !BADKEY=/home/zhugehyuk/clawd/mission-control/.beads/issues.jsonl
time=2026-02-19T20:22:33.416+09:00 level=INFO msg="Import triggered by file change"
time=2026-02-19T20:22:33.417+09:00 level=INFO msg="Starting %s..." !BADKEY=auto-import
time=2026-02-19T20:22:33.417+09:00 level=INFO msg="JSONL content changed, proceeding with %s..." !BADKEY=auto-import
time=2026-02-19T20:22:33.948+09:00 level=INFO msg="Pull failed: %v (backoff: %v)" !BADKEY="git pull failed: exit status 1\nfatal: couldn't find remote ref chore/bd-prd-v2-replan\n" !BADKEY=30s
time=2026-02-19T20:22:48.727+09:00 level=INFO msg="File change detected: %s" !BADKEY=/home/zhugehyuk/clawd/mission-control/.beads/issues.jsonl
time=2026-02-19T20:22:48.727+09:00 level=INFO msg="JSONL removed/renamed, re-establishing watch"
time=2026-02-19T20:22:48.778+09:00 level=INFO msg="Successfully re-established JSONL watch after %v" !BADKEY=50ms
time=2026-02-19T20:22:48.778+09:00 level=INFO msg="JSONL file created: %s" !BADKEY=/home/zhugehyuk/clawd/mission-control/.beads/issues.jsonl
time=2026-02-19T20:22:48.778+09:00 level=INFO msg="Git ref change detected: %s" !BADKEY=/home/zhugehyuk/clawd/mission-control/.git/refs/heads/main.lock
time=2026-02-19T20:22:49.779+09:00 level=INFO msg="Import triggered by file change"
time=2026-02-19T20:22:49.779+09:00 level=INFO msg="Skipping %s: in backoff period" !BADKEY=auto-import
time=2026-02-19T20:23:04.221+09:00 level=INFO msg="Mutation detected: %s %s" comment=mc-b1j
time=2026-02-19T20:23:04.722+09:00 level=INFO msg="Export triggered by mutation events"
time=2026-02-19T20:23:04.722+09:00 level=INFO msg="Starting %s..." !BADKEY=export
time=2026-02-19T20:23:04.726+09:00 level=INFO msg="JSONL file created: %s" !BADKEY=/home/zhugehyuk/clawd/mission-control/.beads/issues.jsonl
time=2026-02-19T20:23:04.728+09:00 level=INFO msg="Exported to JSONL"
time=2026-02-19T20:23:04.728+09:00 level=INFO msg="Export complete"
time=2026-02-19T20:23:07.170+09:00 level=INFO msg="Import triggered by file change"
time=2026-02-19T20:23:07.170+09:00 level=INFO msg="Starting %s..." !BADKEY=auto-import
time=2026-02-19T20:23:07.171+09:00 level=INFO msg="JSONL content changed, proceeding with %s..." !BADKEY=auto-import
time=2026-02-19T20:23:07.172+09:00 level=INFO msg="⚠️  WARNING: Uncommitted local changes detected in %s" !BADKEY=/home/zhugehyuk/clawd/mission-control/.beads/issues.jsonl
time=2026-02-19T20:23:07.173+09:00 level=INFO msg="   Pulling from remote may overwrite local unpushed changes."
time=2026-02-19T20:23:07.173+09:00 level=INFO msg="   Consider running 'bd sync' to commit and push your changes first."
time=2026-02-19T20:23:07.679+09:00 level=INFO msg="Pulled from remote"
time=2026-02-19T20:23:07.684+09:00 level=INFO msg="Imported from JSONL"
time=2026-02-19T20:23:07.685+09:00 level=INFO msg="Auto-import complete"
time=2026-02-19T20:23:25.399+09:00 level=INFO msg="Mutation detected: %s %s" comment=mc-b1j.21
time=2026-02-19T20:23:25.899+09:00 level=INFO msg="Export triggered by mutation events"
time=2026-02-19T20:23:25.900+09:00 level=INFO msg="Starting %s..." !BADKEY=export
time=2026-02-19T20:23:25.900+09:00 level=INFO msg="Pre-export validation failed: %v" !BADKEY="refusing to export: JSONL content has changed since last import (import first to avoid data loss)"
time=2026-02-19T20:23:40.732+09:00 level=INFO msg="Mutation detected: %s %s" comment=mc-b1j
time=2026-02-19T20:23:41.233+09:00 level=INFO msg="Export triggered by mutation events"
time=2026-02-19T20:23:41.234+09:00 level=INFO msg="Starting %s..." !BADKEY=export
time=2026-02-19T20:23:41.235+09:00 level=INFO msg="Pre-export validation failed: %v" !BADKEY="refusing to export: JSONL content has changed since last import (import first to avoid data loss)"
time=2026-02-19T20:25:01.328+09:00 level=INFO msg="Mutation detected: %s %s" update=mc-6yy.7
time=2026-02-19T20:25:01.830+09:00 level=INFO msg="Export triggered by mutation events"
time=2026-02-19T20:25:01.831+09:00 level=INFO msg="Starting %s..." !BADKEY=export
time=2026-02-19T20:25:01.831+09:00 level=INFO msg="Pre-export validation failed: %v" !BADKEY="refusing to export: JSONL content has changed since last import (import first to avoid data loss)"
time=2026-02-19T20:29:31.036+09:00 level=INFO msg="Mutation detected: %s %s" create=mc-b1j.26
time=2026-02-19T20:29:31.537+09:00 level=INFO msg="Export triggered by mutation events"
time=2026-02-19T20:29:31.537+09:00 level=INFO msg="Starting %s..." !BADKEY=export
time=2026-02-19T20:29:31.537+09:00 level=INFO msg="Pre-export validation failed: %v" !BADKEY="refusing to export: JSONL content has changed since last import (import first to avoid data loss)"
time=2026-02-19T20:29:33.113+09:00 level=INFO msg="Mutation detected: %s %s" update=mc-b1j.26
time=2026-02-19T20:29:33.614+09:00 level=INFO msg="Export triggered by mutation events"
time=2026-02-19T20:29:33.615+09:00 level=INFO msg="Starting %s..." !BADKEY=export
time=2026-02-19T20:29:33.615+09:00 level=INFO msg="Pre-export validation failed: %v" !BADKEY="refusing to export: JSONL content has changed since last import (import first to avoid data loss)"
time=2026-02-19T20:29:39.212+09:00 level=INFO msg="Mutation detected: %s %s" update=mc-b1j.26
time=2026-02-19T20:29:39.237+09:00 level=INFO msg="Mutation detected: %s %s" update=mc-b1j.26
time=2026-02-19T20:29:39.263+09:00 level=INFO msg="Mutation detected: %s %s" update=mc-b1j.26
time=2026-02-19T20:29:39.764+09:00 level=INFO msg="Export triggered by mutation events"
time=2026-02-19T20:29:39.765+09:00 level=INFO msg="Starting %s..." !BADKEY=export
time=2026-02-19T20:29:39.765+09:00 level=INFO msg="Pre-export validation failed: %v" !BADKEY="refusing to export: JSONL content has changed since last import (import first to avoid data loss)"
time=2026-02-19T20:29:46.165+09:00 level=INFO msg="Mutation detected: %s %s" create=mc-b1j.27
time=2026-02-19T20:29:46.666+09:00 level=INFO msg="Export triggered by mutation events"
time=2026-02-19T20:29:46.667+09:00 level=INFO msg="Starting %s..." !BADKEY=export
time=2026-02-19T20:29:46.667+09:00 level=INFO msg="Pre-export validation failed: %v" !BADKEY="refusing to export: JSONL content has changed since last import (import first to avoid data loss)"
time=2026-02-19T20:29:50.059+09:00 level=INFO msg="Mutation detected: %s %s" update=mc-b1j.27
time=2026-02-19T20:29:50.559+09:00 level=INFO msg="Export triggered by mutation events"
time=2026-02-19T20:29:50.561+09:00 level=INFO msg="Starting %s..." !BADKEY=export
time=2026-02-19T20:29:50.562+09:00 level=INFO msg="Pre-export validation failed: %v" !BADKEY="refusing to export: JSONL content has changed since last import (import first to avoid data loss)"
time=2026-02-19T20:29:52.245+09:00 level=INFO msg="Mutation detected: %s %s" update=mc-b1j.27
time=2026-02-19T20:29:52.745+09:00 level=INFO msg="Export triggered by mutation events"
time=2026-02-19T20:29:52.746+09:00 level=INFO msg="Starting %s..." !BADKEY=export
time=2026-02-19T20:29:52.746+09:00 level=INFO msg="Pre-export validation failed: %v" !BADKEY="refusing to export: JSONL content has changed since last import (import first to avoid data loss)"
time=2026-02-19T20:30:03.511+09:00 level=INFO msg="JSONL file created: %s" !BADKEY=/home/zhugehyuk/clawd/mission-control/.beads/issues.jsonl
time=2026-02-19T20:30:03.511+09:00 level=INFO msg="File change detected: %s" !BADKEY=/home/zhugehyuk/clawd/mission-control/.beads/issues.jsonl
time=2026-02-19T20:30:04.512+09:00 level=INFO msg="Import triggered by file change"
time=2026-02-19T20:30:04.512+09:00 level=INFO msg="Starting %s..." !BADKEY=auto-import
time=2026-02-19T20:30:04.512+09:00 level=INFO msg="JSONL content changed, proceeding with %s..." !BADKEY=auto-import
time=2026-02-19T20:30:04.514+09:00 level=INFO msg="⚠️  WARNING: Uncommitted local changes detected in %s" !BADKEY=/home/zhugehyuk/clawd/mission-control/.beads/issues.jsonl
time=2026-02-19T20:30:04.514+09:00 level=INFO msg="   Pulling from remote may overwrite local unpushed changes."
time=2026-02-19T20:30:04.514+09:00 level=INFO msg="   Consider running 'bd sync' to commit and push your changes first."
time=2026-02-19T20:30:05.171+09:00 level=INFO msg="Pull failed: %v (backoff: %v)" !BADKEY="git pull failed: exit status 1\nFrom https://github.com/2lab-ai/ocmc\n * branch            main       -> FETCH_HEAD\n   d9045e6..0f4b27c  main       -> origin/main\nerror: Your local changes to the following files would be overwritten by merge:\n\t.beads/issues.jsonl\nPlease commit your changes or stash them before you merge.\nAborting\nUpdating d9045e6..0f4b27c\n" !BADKEY=30s
time=2026-02-19T20:30:20.094+09:00 level=INFO msg="JSONL file created: %s" !BADKEY=/home/zhugehyuk/clawd/mission-control/.beads/issues.jsonl
time=2026-02-19T20:30:20.095+09:00 level=INFO msg="File change detected: %s" !BADKEY=/home/zhugehyuk/clawd/mission-control/.beads/issues.jsonl
time=2026-02-19T20:30:21.096+09:00 level=INFO msg="Import triggered by file change"
time=2026-02-19T20:30:21.097+09:00 level=INFO msg="Skipping %s: in backoff period" !BADKEY=auto-import
time=2026-02-19T20:30:46.237+09:00 level=INFO msg="File change detected: %s" !BADKEY=/home/zhugehyuk/clawd/mission-control/.beads/issues.jsonl
time=2026-02-19T20:30:46.238+09:00 level=INFO msg="JSONL removed/renamed, re-establishing watch"
time=2026-02-19T20:30:46.289+09:00 level=INFO msg="Successfully re-established JSONL watch after %v" !BADKEY=50ms
time=2026-02-19T20:30:46.289+09:00 level=INFO msg="JSONL file created: %s" !BADKEY=/home/zhugehyuk/clawd/mission-control/.beads/issues.jsonl
time=2026-02-19T20:30:46.289+09:00 level=INFO msg="JSONL removed/renamed, re-establishing watch"
time=2026-02-19T20:30:46.339+09:00 level=INFO msg="Successfully re-established JSONL watch after %v" !BADKEY=50ms
time=2026-02-19T20:30:46.339+09:00 level=INFO msg="JSONL file created: %s" !BADKEY=/home/zhugehyuk/clawd/mission-control/.beads/issues.jsonl
time=2026-02-19T20:30:47.341+09:00 level=INFO msg="Import triggered by file change"
time=2026-02-19T20:30:47.341+09:00 level=INFO msg="Starting %s..." !BADKEY=auto-import
time=2026-02-19T20:30:47.341+09:00 level=INFO msg="JSONL content changed, proceeding with %s..." !BADKEY=auto-import
time=2026-02-19T20:30:47.344+09:00 level=INFO msg="⚠️  WARNING: Uncommitted local changes detected in %s" !BADKEY=/home/zhugehyuk/clawd/mission-control/.beads/issues.jsonl
time=2026-02-19T20:30:47.344+09:00 level=INFO msg="   Pulling from remote may overwrite local unpushed changes."
time=2026-02-19T20:30:47.344+09:00 level=INFO msg="   Consider running 'bd sync' to commit and push your changes first."
time=2026-02-19T20:30:47.347+09:00 level=INFO msg="Pull failed: %v (backoff: %v)" !BADKEY="failed to get current branch: exit status 128" !BADKEY=1m0s
time=2026-02-19T20:31:34.252+09:00 level=INFO msg="File change detected: %s" !BADKEY=/home/zhugehyuk/clawd/mission-control/.beads/issues.jsonl
time=2026-02-19T20:31:34.252+09:00 level=INFO msg="JSONL removed/renamed, re-establishing watch"
time=2026-02-19T20:31:34.302+09:00 level=INFO msg="Successfully re-established JSONL watch after %v" !BADKEY=50ms
time=2026-02-19T20:31:34.302+09:00 level=INFO msg="JSONL file created: %s" !BADKEY=/home/zhugehyuk/clawd/mission-control/.beads/issues.jsonl
time=2026-02-19T20:31:35.303+09:00 level=INFO msg="Import triggered by file change"
time=2026-02-19T20:31:35.304+09:00 level=INFO msg="Skipping %s: in backoff period" !BADKEY=auto-import
time=2026-02-19T20:31:49.452+09:00 level=INFO msg="JSONL file created: %s" !BADKEY=/home/zhugehyuk/clawd/mission-control/.beads/issues.jsonl
time=2026-02-19T20:31:49.452+09:00 level=INFO msg="File change detected: %s" !BADKEY=/home/zhugehyuk/clawd/mission-control/.beads/issues.jsonl
time=2026-02-19T20:31:50.454+09:00 level=INFO msg="Import triggered by file change"
time=2026-02-19T20:31:50.454+09:00 level=INFO msg="Starting %s..." !BADKEY=auto-import
time=2026-02-19T20:31:50.454+09:00 level=INFO msg="JSONL content changed, proceeding with %s..." !BADKEY=auto-import
time=2026-02-19T20:31:50.456+09:00 level=INFO msg="⚠️  WARNING: Uncommitted local changes detected in %s" !BADKEY=/home/zhugehyuk/clawd/mission-control/.beads/issues.jsonl
time=2026-02-19T20:31:50.456+09:00 level=INFO msg="   Pulling from remote may overwrite local unpushed changes."
time=2026-02-19T20:31:50.456+09:00 level=INFO msg="   Consider running 'bd sync' to commit and push your changes first."
time=2026-02-19T20:31:50.991+09:00 level=INFO msg="Pull failed: %v (backoff: %v)" !BADKEY="git pull failed: exit status 128\nFrom https://github.com/2lab-ai/ocmc\n * branch            docs/pdpm-prompt-lifecycle -> FETCH_HEAD\nhint: You have divergent branches and need to specify how to reconcile them.\nhint: You can do so by running one of the following commands sometime before\nhint: your next pull:\nhint: \nhint:   git config pull.rebase false  # merge\nhint:   git config pull.rebase true   # rebase\nhint:   git config pull.ff only       # fast-forward only\nhint: \nhint: You can replace \"git config\" with \"git config --global\" to set a default\nhint: preference for all repositories. You can also pass --rebase, --no-rebase,\nhint: or --ff-only on the command line to override the configured default per\nhint: invocation.\nfatal: Need to specify how to reconcile divergent branches.\n" !BADKEY=2m0s
time=2026-02-19T20:31:59.475+09:00 level=INFO msg="JSONL file created: %s" !BADKEY=/home/zhugehyuk/clawd/mission-control/.beads/issues.jsonl
time=2026-02-19T20:31:59.475+09:00 level=INFO msg="File change detected: %s" !BADKEY=/home/zhugehyuk/clawd/mission-control/.beads/issues.jsonl
time=2026-02-19T20:32:00.477+09:00 level=INFO msg="Import triggered by file change"
time=2026-02-19T20:32:00.478+09:00 level=INFO msg="Skipping %s: in backoff period" !BADKEY=auto-import
time=2026-02-19T20:32:25.637+09:00 level=INFO msg="File change detected: %s" !BADKEY=/home/zhugehyuk/clawd/mission-control/.beads/issues.jsonl
time=2026-02-19T20:32:25.638+09:00 level=INFO msg="JSONL removed/renamed, re-establishing watch"
time=2026-02-19T20:32:25.688+09:00 level=INFO msg="Successfully re-established JSONL watch after %v" !BADKEY=50ms
time=2026-02-19T20:32:25.688+09:00 level=INFO msg="JSONL file created: %s" !BADKEY=/home/zhugehyuk/clawd/mission-control/.beads/issues.jsonl
time=2026-02-19T20:32:26.421+09:00 level=INFO msg="File change detected: %s" !BADKEY=/home/zhugehyuk/clawd/mission-control/.beads/issues.jsonl
time=2026-02-19T20:32:26.422+09:00 level=INFO msg="JSONL removed/renamed, re-establishing watch"
time=2026-02-19T20:32:26.472+09:00 level=INFO msg="Successfully re-established JSONL watch after %v" !BADKEY=50ms
time=2026-02-19T20:32:26.472+09:00 level=INFO msg="JSONL file created: %s" !BADKEY=/home/zhugehyuk/clawd/mission-control/.beads/issues.jsonl
time=2026-02-19T20:32:26.472+09:00 level=INFO msg="Git ref change detected: %s" !BADKEY=/home/zhugehyuk/clawd/mission-control/.git/refs/heads/main.lock
time=2026-02-19T20:32:26.689+09:00 level=INFO msg="Import triggered by file change"
time=2026-02-19T20:32:26.691+09:00 level=INFO msg="Skipping %s: in backoff period" !BADKEY=auto-import
time=2026-02-19T20:32:27.473+09:00 level=INFO msg="Import triggered by file change"
time=2026-02-19T20:32:27.474+09:00 level=INFO msg="Skipping %s: in backoff period" !BADKEY=auto-import
time=2026-02-19T20:32:51.098+09:00 level=INFO msg="Mutation detected: %s %s" status=mc-6yy.7
time=2026-02-19T20:32:51.598+09:00 level=INFO msg="Export triggered by mutation events"
time=2026-02-19T20:32:51.598+09:00 level=INFO msg="Starting %s..." !BADKEY=export
time=2026-02-19T20:32:51.603+09:00 level=INFO msg="JSONL file created: %s" !BADKEY=/home/zhugehyuk/clawd/mission-control/.beads/issues.jsonl
time=2026-02-19T20:32:51.605+09:00 level=INFO msg="Exported to JSONL"
time=2026-02-19T20:32:51.605+09:00 level=INFO msg="Export complete"
time=2026-02-19T20:32:52.604+09:00 level=INFO msg="Import triggered by file change"
time=2026-02-19T20:32:52.605+09:00 level=INFO msg="Skipping %s: in backoff period" !BADKEY=auto-import
time=2026-02-19T20:32:57.362+09:00 level=INFO msg="JSONL file created: %s" !BADKEY=/home/zhugehyuk/clawd/mission-control/.beads/issues.jsonl
time=2026-02-19T20:32:57.362+09:00 level=INFO msg="File change detected: %s" !BADKEY=/home/zhugehyuk/clawd/mission-control/.beads/issues.jsonl
time=2026-02-19T20:32:58.363+09:00 level=INFO msg="Import triggered by file change"
time=2026-02-19T20:32:58.363+09:00 level=INFO msg="Skipping %s: in backoff period" !BADKEY=auto-import
time=2026-02-19T20:33:05.725+09:00 level=INFO msg="JSONL file created: %s" !BADKEY=/home/zhugehyuk/clawd/mission-control/.beads/issues.jsonl
time=2026-02-19T20:33:05.725+09:00 level=INFO msg="File change detected: %s" !BADKEY=/home/zhugehyuk/clawd/mission-control/.beads/issues.jsonl
time=2026-02-19T20:33:06.726+09:00 level=INFO msg="Import triggered by file change"
time=2026-02-19T20:33:06.726+09:00 level=INFO msg="Skipping %s: in backoff period" !BADKEY=auto-import
time=2026-02-19T20:33:33.170+09:00 level=INFO msg="File change detected: %s" !BADKEY=/home/zhugehyuk/clawd/mission-control/.beads/issues.jsonl
time=2026-02-19T20:33:33.170+09:00 level=INFO msg="JSONL removed/renamed, re-establishing watch"
time=2026-02-19T20:33:33.220+09:00 level=INFO msg="Successfully re-established JSONL watch after %v" !BADKEY=50ms
time=2026-02-19T20:33:33.220+09:00 level=INFO msg="JSONL file created: %s" !BADKEY=/home/zhugehyuk/clawd/mission-control/.beads/issues.jsonl
time=2026-02-19T20:33:33.828+09:00 level=INFO msg="File change detected: %s" !BADKEY=/home/zhugehyuk/clawd/mission-control/.beads/issues.jsonl
time=2026-02-19T20:33:33.828+09:00 level=INFO msg="JSONL removed/renamed, re-establishing watch"
time=2026-02-19T20:33:33.878+09:00 level=INFO msg="Successfully re-established JSONL watch after %v" !BADKEY=50ms
time=2026-02-19T20:33:33.878+09:00 level=INFO msg="JSONL file created: %s" !BADKEY=/home/zhugehyuk/clawd/mission-control/.beads/issues.jsonl
time=2026-02-19T20:33:33.878+09:00 level=INFO msg="Git ref change detected: %s" !BADKEY=/home/zhugehyuk/clawd/mission-control/.git/refs/heads/main.lock
time=2026-02-19T20:33:34.222+09:00 level=INFO msg="Import triggered by file change"
time=2026-02-19T20:33:34.225+09:00 level=INFO msg="Skipping %s: in backoff period" !BADKEY=auto-import
time=2026-02-19T20:33:34.880+09:00 level=INFO msg="Import triggered by file change"
time=2026-02-19T20:33:34.880+09:00 level=INFO msg="Skipping %s: in backoff period" !BADKEY=auto-import
time=2026-02-19T22:29:06.166+09:00 level=INFO msg="Mutation detected: %s %s" comment=mc-l64
time=2026-02-19T22:29:06.667+09:00 level=INFO msg="Export triggered by mutation events"
time=2026-02-19T22:29:06.667+09:00 level=INFO msg="Starting %s..." !BADKEY=export
time=2026-02-19T22:29:06.684+09:00 level=INFO msg="JSONL file created: %s" !BADKEY=/home/zhugehyuk/clawd/mission-control/.beads/issues.jsonl
time=2026-02-19T22:29:06.686+09:00 level=INFO msg="Exported to JSONL"
time=2026-02-19T22:29:06.686+09:00 level=INFO msg="Export complete"
time=2026-02-19T22:29:07.686+09:00 level=INFO msg="Import triggered by file change"
time=2026-02-19T22:29:07.688+09:00 level=INFO msg="Starting %s..." !BADKEY=auto-import
time=2026-02-19T22:29:07.689+09:00 level=INFO msg="JSONL content changed, proceeding with %s..." !BADKEY=auto-import
time=2026-02-19T22:29:07.697+09:00 level=INFO msg="⚠️  WARNING: Uncommitted local changes detected in %s" !BADKEY=/home/zhugehyuk/clawd/mission-control/.beads/issues.jsonl
time=2026-02-19T22:29:07.697+09:00 level=INFO msg="   Pulling from remote may overwrite local unpushed changes."
time=2026-02-19T22:29:07.697+09:00 level=INFO msg="   Consider running 'bd sync' to commit and push your changes first."
time=2026-02-19T22:29:08.226+09:00 level=INFO msg="Pulled from remote"
time=2026-02-19T22:29:08.230+09:00 level=INFO msg="Imported from JSONL"
time=2026-02-19T22:29:08.231+09:00 level=INFO msg="Auto-import complete"
time=2026-02-19T23:20:24.709+09:00 level=INFO msg="Mutation detected: %s %s" status=mc-b1j.22
time=2026-02-19T23:20:24.732+09:00 level=INFO msg="Mutation detected: %s %s" status=mc-b1j.23
time=2026-02-19T23:20:24.754+09:00 level=INFO msg="Mutation detected: %s %s" status=mc-b1j.6
time=2026-02-19T23:20:24.777+09:00 level=INFO msg="Mutation detected: %s %s" status=mc-b1j.7
time=2026-02-19T23:20:25.278+09:00 level=INFO msg="Export triggered by mutation events"
time=2026-02-19T23:20:25.279+09:00 level=INFO msg="Starting %s..." !BADKEY=export
time=2026-02-19T23:20:25.281+09:00 level=INFO msg="Pre-export validation failed: %v" !BADKEY="refusing to export: JSONL content has changed since last import (import first to avoid data loss)"
time=2026-02-19T23:22:23.126+09:00 level=INFO msg="Mutation detected: %s %s" status=mc-b1j.1
time=2026-02-19T23:22:23.627+09:00 level=INFO msg="Export triggered by mutation events"
time=2026-02-19T23:22:23.627+09:00 level=INFO msg="Starting %s..." !BADKEY=export
time=2026-02-19T23:22:23.628+09:00 level=INFO msg="Pre-export validation failed: %v" !BADKEY="refusing to export: JSONL content has changed since last import (import first to avoid data loss)"
time=2026-02-19T23:23:06.730+09:00 level=INFO msg="Mutation detected: %s %s" comment=mc-b1j.22
time=2026-02-19T23:23:06.817+09:00 level=INFO msg="Mutation detected: %s %s" comment=mc-b1j.23
time=2026-02-19T23:23:06.858+09:00 level=INFO msg="Mutation detected: %s %s" comment=mc-b1j.6
time=2026-02-19T23:23:06.899+09:00 level=INFO msg="Mutation detected: %s %s" comment=mc-b1j.7
time=2026-02-19T23:23:06.938+09:00 level=INFO msg="Mutation detected: %s %s" comment=mc-b1j.1
time=2026-02-19T23:23:06.981+09:00 level=INFO msg="Mutation detected: %s %s" comment=mc-b1j
time=2026-02-19T23:23:07.481+09:00 level=INFO msg="Export triggered by mutation events"
time=2026-02-19T23:23:07.482+09:00 level=INFO msg="Starting %s..." !BADKEY=export
time=2026-02-19T23:23:07.482+09:00 level=INFO msg="Pre-export validation failed: %v" !BADKEY="refusing to export: JSONL content has changed since last import (import first to avoid data loss)"
time=2026-02-19T23:25:30.615+09:00 level=INFO msg="Mutation detected: %s %s" comment=mc-p7w
time=2026-02-19T23:25:31.116+09:00 level=INFO msg="Export triggered by mutation events"
time=2026-02-19T23:25:31.116+09:00 level=INFO msg="Starting %s..." !BADKEY=export
time=2026-02-19T23:25:31.116+09:00 level=INFO msg="Pre-export validation failed: %v" !BADKEY="refusing to export: JSONL content has changed since last import (import first to avoid data loss)"
time=2026-02-20T00:08:09.574+09:00 level=INFO msg="JSONL file created: %s" !BADKEY=/home/zhugehyuk/clawd/mission-control/.beads/issues.jsonl
time=2026-02-20T00:08:09.574+09:00 level=INFO msg="File change detected: %s" !BADKEY=/home/zhugehyuk/clawd/mission-control/.beads/issues.jsonl
time=2026-02-20T00:08:10.576+09:00 level=INFO msg="Import triggered by file change"
time=2026-02-20T00:08:10.577+09:00 level=INFO msg="Starting %s..." !BADKEY=auto-import
time=2026-02-20T00:08:10.577+09:00 level=INFO msg="JSONL content changed, proceeding with %s..." !BADKEY=auto-import
time=2026-02-20T00:08:11.202+09:00 level=INFO msg="Pull failed: %v (backoff: %v)" !BADKEY="git pull failed: exit status 1\nfatal: couldn't find remote ref feat/mc-b1j.22-policy-engine\n" !BADKEY=30s
time=2026-02-20T00:08:54.854+09:00 level=INFO msg="Mutation detected: %s %s" comment=mc-b1j.22
time=2026-02-20T00:08:55.355+09:00 level=INFO msg="Export triggered by mutation events"
time=2026-02-20T00:08:55.356+09:00 level=INFO msg="Starting %s..." !BADKEY=export
time=2026-02-20T00:08:55.357+09:00 level=INFO msg="Pre-export validation failed: %v" !BADKEY="refusing to export: JSONL content has changed since last import (import first to avoid data loss)"
time=2026-02-20T00:09:22.107+09:00 level=INFO msg="File change detected: %s" !BADKEY=/home/zhugehyuk/clawd/mission-control/.beads/issues.jsonl
time=2026-02-20T00:09:22.107+09:00 level=INFO msg="JSONL removed/renamed, re-establishing watch"
time=2026-02-20T00:09:22.157+09:00 level=INFO msg="Successfully re-established JSONL watch after %v" !BADKEY=50ms
time=2026-02-20T00:09:22.157+09:00 level=INFO msg="JSONL file created: %s" !BADKEY=/home/zhugehyuk/clawd/mission-control/.beads/issues.jsonl
time=2026-02-20T00:09:23.159+09:00 level=INFO msg="Import triggered by file change"
time=2026-02-20T00:09:23.159+09:00 level=INFO msg="Starting %s..." !BADKEY=auto-import
time=2026-02-20T00:09:23.159+09:00 level=INFO msg="JSONL content changed, proceeding with %s..." !BADKEY=auto-import
time=2026-02-20T00:09:23.683+09:00 level=INFO msg="Pulled from remote"
time=2026-02-20T00:09:23.688+09:00 level=INFO msg="Imported from JSONL"
time=2026-02-20T00:09:23.689+09:00 level=INFO msg="Auto-import complete"
time=2026-02-20T02:25:25.582+09:00 level=INFO msg="File change detected: %s" !BADKEY=/home/zhugehyuk/clawd/mission-control/.beads/issues.jsonl
time=2026-02-20T02:25:25.582+09:00 level=INFO msg="JSONL removed/renamed, re-establishing watch"
time=2026-02-20T02:25:25.633+09:00 level=INFO msg="Successfully re-established JSONL watch after %v" !BADKEY=50ms
time=2026-02-20T02:25:25.633+09:00 level=INFO msg="JSONL file created: %s" !BADKEY=/home/zhugehyuk/clawd/mission-control/.beads/issues.jsonl
time=2026-02-20T02:25:25.633+09:00 level=INFO msg="Git ref change detected: %s" !BADKEY=/home/zhugehyuk/clawd/mission-control/.git/refs/heads/main.lock
time=2026-02-20T02:25:26.635+09:00 level=INFO msg="Import triggered by file change"
time=2026-02-20T02:25:26.638+09:00 level=INFO msg="Starting %s..." !BADKEY=auto-import
time=2026-02-20T02:25:26.638+09:00 level=INFO msg="Skipping %s: JSONL content unchanged" !BADKEY=auto-import
time=2026-02-20T02:28:38.903+09:00 level=INFO msg="JSONL file created: %s" !BADKEY=/home/zhugehyuk/clawd/mission-control/.beads/issues.jsonl
time=2026-02-20T02:28:38.903+09:00 level=INFO msg="File change detected: %s" !BADKEY=/home/zhugehyuk/clawd/mission-control/.beads/issues.jsonl
time=2026-02-20T02:28:39.904+09:00 level=INFO msg="Import triggered by file change"
time=2026-02-20T02:28:39.904+09:00 level=INFO msg="Starting %s..." !BADKEY=auto-import
time=2026-02-20T02:28:39.905+09:00 level=INFO msg="JSONL content changed, proceeding with %s..." !BADKEY=auto-import
time=2026-02-20T02:28:40.432+09:00 level=INFO msg="Pull failed: %v (backoff: %v)" !BADKEY="git pull failed: exit status 1\nfatal: couldn't find remote ref feat/mc-b1j.6-agent-hierarchy-api\n" !BADKEY=30s
time=2026-02-20T02:30:25.259+09:00 level=INFO msg="JSONL file created: %s" !BADKEY=/home/zhugehyuk/clawd/mission-control/.beads/issues.jsonl
time=2026-02-20T02:30:25.260+09:00 level=INFO msg="File change detected: %s" !BADKEY=/home/zhugehyuk/clawd/mission-control/.beads/issues.jsonl
time=2026-02-20T02:30:26.261+09:00 level=INFO msg="Import triggered by file change"
time=2026-02-20T02:30:26.262+09:00 level=INFO msg="Starting %s..." !BADKEY=auto-import
time=2026-02-20T02:30:26.263+09:00 level=INFO msg="Skipping %s: JSONL content unchanged" !BADKEY=auto-import
time=2026-02-20T02:31:00.076+09:00 level=INFO msg="Mutation detected: %s %s" comment=mc-b1j.6
time=2026-02-20T02:31:00.578+09:00 level=INFO msg="Export triggered by mutation events"
time=2026-02-20T02:31:00.578+09:00 level=INFO msg="Starting %s..." !BADKEY=export
time=2026-02-20T02:31:00.585+09:00 level=INFO msg="JSONL file created: %s" !BADKEY=/home/zhugehyuk/clawd/mission-control/.beads/issues.jsonl
time=2026-02-20T02:31:00.587+09:00 level=INFO msg="Exported to JSONL"
time=2026-02-20T02:31:00.587+09:00 level=INFO msg="Export complete"
time=2026-02-20T02:31:01.587+09:00 level=INFO msg="Import triggered by file change"
time=2026-02-20T02:31:01.588+09:00 level=INFO msg="Starting %s..." !BADKEY=auto-import
time=2026-02-20T02:31:01.588+09:00 level=INFO msg="JSONL content changed, proceeding with %s..." !BADKEY=auto-import
time=2026-02-20T02:31:01.589+09:00 level=INFO msg="⚠️  WARNING: Uncommitted local changes detected in %s" !BADKEY=/home/zhugehyuk/clawd/mission-control/.beads/issues.jsonl
time=2026-02-20T02:31:01.589+09:00 level=INFO msg="   Pulling from remote may overwrite local unpushed changes."
time=2026-02-20T02:31:01.589+09:00 level=INFO msg="   Consider running 'bd sync' to commit and push your changes first."
time=2026-02-20T02:31:02.058+09:00 level=INFO msg="Pulled from remote"
time=2026-02-20T02:31:02.063+09:00 level=INFO msg="Imported from JSONL"
time=2026-02-20T02:31:02.064+09:00 level=INFO msg="Auto-import complete"
time=2026-02-20T02:31:06.368+09:00 level=INFO msg="Mutation detected: %s %s" comment=mc-b1j.7
time=2026-02-20T02:31:06.868+09:00 level=INFO msg="Export triggered by mutation events"
time=2026-02-20T02:31:06.868+09:00 level=INFO msg="Starting %s..." !BADKEY=export
time=2026-02-20T02:31:06.868+09:00 level=INFO msg="Pre-export validation failed: %v" !BADKEY="refusing to export: JSONL content has changed since last import (import first to avoid data loss)"
time=2026-02-20T02:31:10.697+09:00 level=INFO msg="File change detected: %s" !BADKEY=/home/zhugehyuk/clawd/mission-control/.beads/issues.jsonl
time=2026-02-20T02:31:10.697+09:00 level=INFO msg="JSONL removed/renamed, re-establishing watch"
time=2026-02-20T02:31:10.747+09:00 level=INFO msg="Successfully re-established JSONL watch after %v" !BADKEY=50ms
time=2026-02-20T02:31:10.747+09:00 level=INFO msg="JSONL file created: %s" !BADKEY=/home/zhugehyuk/clawd/mission-control/.beads/issues.jsonl
time=2026-02-20T02:31:10.747+09:00 level=INFO msg="JSONL removed/renamed, re-establishing watch"
time=2026-02-20T02:31:10.798+09:00 level=INFO msg="Successfully re-established JSONL watch after %v" !BADKEY=50ms
time=2026-02-20T02:31:10.798+09:00 level=INFO msg="JSONL file created: %s" !BADKEY=/home/zhugehyuk/clawd/mission-control/.beads/issues.jsonl
time=2026-02-20T02:31:10.798+09:00 level=INFO msg="JSONL removed/renamed, re-establishing watch"
time=2026-02-20T02:31:10.848+09:00 level=INFO msg="Successfully re-established JSONL watch after %v" !BADKEY=50ms
time=2026-02-20T02:31:10.848+09:00 level=INFO msg="JSONL file created: %s" !BADKEY=/home/zhugehyuk/clawd/mission-control/.beads/issues.jsonl
time=2026-02-20T02:31:11.850+09:00 level=INFO msg="Import triggered by file change"
time=2026-02-20T02:31:11.851+09:00 level=INFO msg="Starting %s..." !BADKEY=auto-import
time=2026-02-20T02:31:11.851+09:00 level=INFO msg="JSONL content changed, proceeding with %s..." !BADKEY=auto-import
time=2026-02-20T02:31:11.853+09:00 level=INFO msg="⚠️  WARNING: Uncommitted local changes detected in %s" !BADKEY=/home/zhugehyuk/clawd/mission-control/.beads/issues.jsonl
time=2026-02-20T02:31:11.853+09:00 level=INFO msg="   Pulling from remote may overwrite local unpushed changes."
time=2026-02-20T02:31:11.853+09:00 level=INFO msg="   Consider running 'bd sync' to commit and push your changes first."
time=2026-02-20T02:31:12.314+09:00 level=INFO msg="Pulled from remote"
time=2026-02-20T02:31:12.319+09:00 level=INFO msg="Imported from JSONL"
time=2026-02-20T02:31:12.320+09:00 level=INFO msg="Auto-import complete"
time=2026-02-20T02:59:01.099+09:00 level=INFO msg="Mutation detected: %s %s" status=mc-b1j.6
time=2026-02-20T02:59:01.149+09:00 level=INFO msg="Mutation detected: %s %s" status=mc-b1j.7
time=2026-02-20T02:59:01.203+09:00 level=INFO msg="Mutation detected: %s %s" status=mc-b1j.22
time=2026-02-20T02:59:01.703+09:00 level=INFO msg="Export triggered by mutation events"
time=2026-02-20T02:59:01.704+09:00 level=INFO msg="Starting %s..." !BADKEY=export
time=2026-02-20T02:59:01.704+09:00 level=INFO msg="Pre-export validation failed: %v" !BADKEY="refusing to export: JSONL content has changed since last import (import first to avoid data loss)"
time=2026-02-20T03:10:56.087+09:00 level=INFO msg="Mutation detected: %s %s" update=mc-b1j.23
time=2026-02-20T03:10:56.589+09:00 level=INFO msg="Export triggered by mutation events"
time=2026-02-20T03:10:56.589+09:00 level=INFO msg="Starting %s..." !BADKEY=export
time=2026-02-20T03:10:56.589+09:00 level=INFO msg="Pre-export validation failed: %v" !BADKEY="refusing to export: JSONL content has changed since last import (import first to avoid data loss)"
time=2026-02-20T03:11:43.249+09:00 level=INFO msg="File change detected: %s" !BADKEY=/home/zhugehyuk/clawd/mission-control/.beads/issues.jsonl
time=2026-02-20T03:11:43.249+09:00 level=INFO msg="JSONL removed/renamed, re-establishing watch"
time=2026-02-20T03:11:43.299+09:00 level=INFO msg="Successfully re-established JSONL watch after %v" !BADKEY=50ms
time=2026-02-20T03:11:43.299+09:00 level=INFO msg="JSONL file created: %s" !BADKEY=/home/zhugehyuk/clawd/mission-control/.beads/issues.jsonl
time=2026-02-20T03:11:43.686+09:00 level=INFO msg="JSONL removed/renamed, re-establishing watch"
time=2026-02-20T03:11:43.737+09:00 level=INFO msg="Successfully re-established JSONL watch after %v" !BADKEY=50ms
time=2026-02-20T03:11:43.737+09:00 level=INFO msg="JSONL file created: %s" !BADKEY=/home/zhugehyuk/clawd/mission-control/.beads/issues.jsonl
time=2026-02-20T03:11:43.737+09:00 level=INFO msg="Git ref change detected: %s" !BADKEY=/home/zhugehyuk/clawd/mission-control/.git/refs/heads/main.lock
time=2026-02-20T03:11:43.766+09:00 level=INFO msg="File change detected: %s" !BADKEY=/home/zhugehyuk/clawd/mission-control/.beads/issues.jsonl
time=2026-02-20T03:11:43.766+09:00 level=INFO msg="JSONL removed/renamed, re-establishing watch"
time=2026-02-20T03:11:43.817+09:00 level=INFO msg="Successfully re-established JSONL watch after %v" !BADKEY=50ms
time=2026-02-20T03:11:43.817+09:00 level=INFO msg="JSONL file created: %s" !BADKEY=/home/zhugehyuk/clawd/mission-control/.beads/issues.jsonl
time=2026-02-20T03:11:44.818+09:00 level=INFO msg="Import triggered by file change"
time=2026-02-20T03:11:44.820+09:00 level=INFO msg="Starting %s..." !BADKEY=auto-import
time=2026-02-20T03:11:44.820+09:00 level=INFO msg="JSONL content changed, proceeding with %s..." !BADKEY=auto-import
time=2026-02-20T03:11:44.822+09:00 level=INFO msg="⚠️  WARNING: Uncommitted local changes detected in %s" !BADKEY=/home/zhugehyuk/clawd/mission-control/.beads/issues.jsonl
time=2026-02-20T03:11:44.822+09:00 level=INFO msg="   Pulling from remote may overwrite local unpushed changes."
time=2026-02-20T03:11:44.822+09:00 level=INFO msg="   Consider running 'bd sync' to commit and push your changes first."
time=2026-02-20T03:11:45.347+09:00 level=INFO msg="Pulled from remote"
time=2026-02-20T03:11:45.351+09:00 level=INFO msg="Imported from JSONL"
time=2026-02-20T03:11:45.352+09:00 level=INFO msg="Auto-import complete"
time=2026-02-20T03:16:56.242+09:00 level=INFO msg="JSONL file created: %s" !BADKEY=/home/zhugehyuk/clawd/mission-control/.beads/issues.jsonl
time=2026-02-20T03:16:56.242+09:00 level=INFO msg="File change detected: %s" !BADKEY=/home/zhugehyuk/clawd/mission-control/.beads/issues.jsonl
time=2026-02-20T03:16:57.244+09:00 level=INFO msg="Import triggered by file change"
time=2026-02-20T03:16:57.245+09:00 level=INFO msg="Starting %s..." !BADKEY=auto-import
time=2026-02-20T03:16:57.245+09:00 level=INFO msg="JSONL content changed, proceeding with %s..." !BADKEY=auto-import
time=2026-02-20T03:16:57.822+09:00 level=INFO msg="Pull failed: %v (backoff: %v)" !BADKEY="git pull failed: exit status 1\nfatal: couldn't find remote ref feat/mc-b1j.23-ceo-override-ui\n" !BADKEY=30s
time=2026-02-20T03:17:34.789+09:00 level=INFO msg="Mutation detected: %s %s" comment=mc-b1j.23
time=2026-02-20T03:17:35.290+09:00 level=INFO msg="Export triggered by mutation events"
time=2026-02-20T03:17:35.291+09:00 level=INFO msg="Starting %s..." !BADKEY=export
time=2026-02-20T03:17:35.292+09:00 level=INFO msg="Pre-export validation failed: %v" !BADKEY="refusing to export: JSONL content has changed since last import (import first to avoid data loss)"
time=2026-02-20T03:18:06.204+09:00 level=INFO msg="Mutation detected: %s %s" status=mc-b1j.23
time=2026-02-20T03:18:06.705+09:00 level=INFO msg="Export triggered by mutation events"
time=2026-02-20T03:18:06.705+09:00 level=INFO msg="Starting %s..." !BADKEY=export
time=2026-02-20T03:18:06.706+09:00 level=INFO msg="Pre-export validation failed: %v" !BADKEY="refusing to export: JSONL content has changed since last import (import first to avoid data loss)"
time=2026-02-20T03:47:03.723+09:00 level=INFO msg="Mutation detected: %s %s" update=mc-b1j.23
time=2026-02-20T03:47:04.224+09:00 level=INFO msg="Export triggered by mutation events"
time=2026-02-20T03:47:04.225+09:00 level=INFO msg="Starting %s..." !BADKEY=export
time=2026-02-20T03:47:04.235+09:00 level=INFO msg="Pre-export validation failed: %v" !BADKEY="refusing to export: JSONL content has changed since last import (import first to avoid data loss)"
time=2026-02-20T04:13:52.142+09:00 level=INFO msg="Mutation detected: %s %s" status=mc-b1j.1
time=2026-02-20T04:13:52.643+09:00 level=INFO msg="Export triggered by mutation events"
time=2026-02-20T04:13:52.643+09:00 level=INFO msg="Starting %s..." !BADKEY=export
time=2026-02-20T04:13:52.643+09:00 level=INFO msg="Pre-export validation failed: %v" !BADKEY="refusing to export: JSONL content has changed since last import (import first to avoid data loss)"
time=2026-02-20T05:19:24.728+09:00 level=INFO msg="Mutation detected: %s %s" update=mc-b1j.15
time=2026-02-20T05:19:24.752+09:00 level=INFO msg="Mutation detected: %s %s" update=mc-b1j.16
time=2026-02-20T05:19:24.775+09:00 level=INFO msg="Mutation detected: %s %s" update=mc-b1j.17
time=2026-02-20T05:19:24.800+09:00 level=INFO msg="Mutation detected: %s %s" update=mc-b1j.26
time=2026-02-20T05:19:24.823+09:00 level=INFO msg="Mutation detected: %s %s" update=mc-b1j.27
time=2026-02-20T05:19:24.849+09:00 level=INFO msg="Mutation detected: %s %s" update=mc-b1j.8
time=2026-02-20T05:19:25.349+09:00 level=INFO msg="Export triggered by mutation events"
time=2026-02-20T05:19:25.352+09:00 level=INFO msg="Starting %s..." !BADKEY=export
time=2026-02-20T05:19:25.353+09:00 level=INFO msg="Pre-export validation failed: %v" !BADKEY="refusing to export: JSONL content has changed since last import (import first to avoid data loss)"
time=2026-02-20T05:19:35.437+09:00 level=INFO msg="Mutation detected: %s %s" update=mc-b1j.1
time=2026-02-20T05:19:35.461+09:00 level=INFO msg="Mutation detected: %s %s" update=mc-b1j.2
time=2026-02-20T05:19:35.484+09:00 level=INFO msg="Mutation detected: %s %s" update=mc-b1j.13
time=2026-02-20T05:19:35.984+09:00 level=INFO msg="Export triggered by mutation events"
time=2026-02-20T05:19:35.984+09:00 level=INFO msg="Starting %s..." !BADKEY=export
time=2026-02-20T05:19:35.984+09:00 level=INFO msg="Pre-export validation failed: %v" !BADKEY="refusing to export: JSONL content has changed since last import (import first to avoid data loss)"
time=2026-02-20T05:19:59.328+09:00 level=INFO msg="Mutation detected: %s %s" comment=mc-b1j
time=2026-02-20T05:19:59.828+09:00 level=INFO msg="Export triggered by mutation events"
time=2026-02-20T05:19:59.829+09:00 level=INFO msg="Starting %s..." !BADKEY=export
time=2026-02-20T05:19:59.830+09:00 level=INFO msg="Pre-export validation failed: %v" !BADKEY="refusing to export: JSONL content has changed since last import (import first to avoid data loss)"
time=2026-02-20T05:20:58.735+09:00 level=INFO msg="Mutation detected: %s %s" status=mc-b1j.1
time=2026-02-20T05:20:58.766+09:00 level=INFO msg="Mutation detected: %s %s" update=mc-b1j.2
time=2026-02-20T05:20:58.788+09:00 level=INFO msg="Mutation detected: %s %s" update=mc-b1j.13
time=2026-02-20T05:20:58.813+09:00 level=INFO msg="Mutation detected: %s %s" update=mc-b1j.15
time=2026-02-20T05:20:59.314+09:00 level=INFO msg="Export triggered by mutation events"
time=2026-02-20T05:20:59.315+09:00 level=INFO msg="Starting %s..." !BADKEY=export
time=2026-02-20T05:20:59.315+09:00 level=INFO msg="Pre-export validation failed: %v" !BADKEY="refusing to export: JSONL content has changed since last import (import first to avoid data loss)"
time=2026-02-20T05:23:19.038+09:00 level=INFO msg="Mutation detected: %s %s" comment=mc-p7w
time=2026-02-20T05:23:19.538+09:00 level=INFO msg="Export triggered by mutation events"
time=2026-02-20T05:23:19.539+09:00 level=INFO msg="Starting %s..." !BADKEY=export
time=2026-02-20T05:23:19.548+09:00 level=INFO msg="Pre-export validation failed: %v" !BADKEY="refusing to export: JSONL content has changed since last import (import first to avoid data loss)"
time=2026-02-20T05:32:15.244+09:00 level=INFO msg="Mutation detected: %s %s" comment=mc-p7w
time=2026-02-20T05:32:15.754+09:00 level=INFO msg="Export triggered by mutation events"
time=2026-02-20T05:32:15.754+09:00 level=INFO msg="Starting %s..." !BADKEY=export
time=2026-02-20T05:32:15.756+09:00 level=INFO msg="Pre-export validation failed: %v" !BADKEY="refusing to export: JSONL content has changed since last import (import first to avoid data loss)"
time=2026-02-20T05:32:38.933+09:00 level=INFO msg="Mutation detected: %s %s" create=mc-3tn
time=2026-02-20T05:32:39.434+09:00 level=INFO msg="Export triggered by mutation events"
time=2026-02-20T05:32:39.434+09:00 level=INFO msg="Starting %s..." !BADKEY=export
time=2026-02-20T05:32:39.435+09:00 level=INFO msg="Pre-export validation failed: %v" !BADKEY="refusing to export: JSONL content has changed since last import (import first to avoid data loss)"
time=2026-02-20T05:32:44.850+09:00 level=INFO msg="Mutation detected: %s %s" comment=mc-p7w
time=2026-02-20T05:32:45.351+09:00 level=INFO msg="Export triggered by mutation events"
time=2026-02-20T05:32:45.351+09:00 level=INFO msg="Starting %s..." !BADKEY=export
time=2026-02-20T05:32:45.351+09:00 level=INFO msg="Pre-export validation failed: %v" !BADKEY="refusing to export: JSONL content has changed since last import (import first to avoid data loss)"
time=2026-02-20T05:34:28.827+09:00 level=INFO msg="File change detected: %s" !BADKEY=/home/zhugehyuk/clawd/mission-control/.beads/issues.jsonl
time=2026-02-20T05:34:28.827+09:00 level=INFO msg="JSONL removed/renamed, re-establishing watch"
time=2026-02-20T05:34:28.878+09:00 level=INFO msg="Successfully re-established JSONL watch after %v" !BADKEY=50ms
time=2026-02-20T05:34:28.878+09:00 level=INFO msg="JSONL file created: %s" !BADKEY=/home/zhugehyuk/clawd/mission-control/.beads/issues.jsonl
time=2026-02-20T05:34:29.579+09:00 level=INFO msg="File change detected: %s" !BADKEY=/home/zhugehyuk/clawd/mission-control/.beads/issues.jsonl
time=2026-02-20T05:34:29.579+09:00 level=INFO msg="JSONL removed/renamed, re-establishing watch"
time=2026-02-20T05:34:29.629+09:00 level=INFO msg="Successfully re-established JSONL watch after %v" !BADKEY=50ms
time=2026-02-20T05:34:29.629+09:00 level=INFO msg="JSONL file created: %s" !BADKEY=/home/zhugehyuk/clawd/mission-control/.beads/issues.jsonl
time=2026-02-20T05:34:29.629+09:00 level=INFO msg="Git ref change detected: %s" !BADKEY=/home/zhugehyuk/clawd/mission-control/.git/refs/heads/main.lock
time=2026-02-20T05:34:29.880+09:00 level=INFO msg="Import triggered by file change"
time=2026-02-20T05:34:29.883+09:00 level=INFO msg="Starting %s..." !BADKEY=auto-import
time=2026-02-20T05:34:29.883+09:00 level=INFO msg="Skipping %s: JSONL content unchanged" !BADKEY=auto-import
time=2026-02-20T05:34:30.630+09:00 level=INFO msg="Import triggered by file change"
time=2026-02-20T05:34:30.631+09:00 level=INFO msg="Starting %s..." !BADKEY=auto-import
time=2026-02-20T05:34:30.631+09:00 level=INFO msg="Skipping %s: JSONL content unchanged" !BADKEY=auto-import
time=2026-02-20T05:35:23.915+09:00 level=INFO msg="JSONL file created: %s" !BADKEY=/home/zhugehyuk/clawd/mission-control/.beads/issues.jsonl
time=2026-02-20T05:35:23.915+09:00 level=INFO msg="File change detected: %s" !BADKEY=/home/zhugehyuk/clawd/mission-control/.beads/issues.jsonl
time=2026-02-20T05:35:24.934+09:00 level=INFO msg="Import triggered by file change"
time=2026-02-20T05:35:24.934+09:00 level=INFO msg="Starting %s..." !BADKEY=auto-import
time=2026-02-20T05:35:24.934+09:00 level=INFO msg="JSONL content changed, proceeding with %s..." !BADKEY=auto-import
time=2026-02-20T05:35:25.406+09:00 level=INFO msg="Pull failed: %v (backoff: %v)" !BADKEY="git pull failed: exit status 1\nfatal: couldn't find remote ref feat/mc-b1j.1-remove-leptos-ui\n" !BADKEY=1m0s
time=2026-02-20T05:35:41.989+09:00 level=INFO msg="File change detected: %s" !BADKEY=/home/zhugehyuk/clawd/mission-control/.beads/issues.jsonl
time=2026-02-20T05:35:41.989+09:00 level=INFO msg="JSONL removed/renamed, re-establishing watch"
time=2026-02-20T05:35:42.040+09:00 level=INFO msg="Successfully re-established JSONL watch after %v" !BADKEY=50ms
time=2026-02-20T05:35:42.040+09:00 level=INFO msg="JSONL file created: %s" !BADKEY=/home/zhugehyuk/clawd/mission-control/.beads/issues.jsonl
time=2026-02-20T05:35:43.507+09:00 level=INFO msg="Import triggered by file change"
time=2026-02-20T05:35:43.507+09:00 level=INFO msg="Skipping %s: in backoff period" !BADKEY=auto-import
time=2026-02-20T05:36:22.536+09:00 level=INFO msg="JSONL file created: %s" !BADKEY=/home/zhugehyuk/clawd/mission-control/.beads/issues.jsonl
time=2026-02-20T05:36:22.536+09:00 level=INFO msg="File change detected: %s" !BADKEY=/home/zhugehyuk/clawd/mission-control/.beads/issues.jsonl
time=2026-02-20T05:36:23.539+09:00 level=INFO msg="Import triggered by file change"
time=2026-02-20T05:36:23.549+09:00 level=INFO msg="Skipping %s: in backoff period" !BADKEY=auto-import
time=2026-02-20T05:36:40.889+09:00 level=INFO msg="File change detected: %s" !BADKEY=/home/zhugehyuk/clawd/mission-control/.beads/issues.jsonl
time=2026-02-20T05:36:40.889+09:00 level=INFO msg="JSONL removed/renamed, re-establishing watch"
time=2026-02-20T05:36:40.939+09:00 level=INFO msg="Successfully re-established JSONL watch after %v" !BADKEY=50ms
time=2026-02-20T05:36:40.939+09:00 level=INFO msg="JSONL file created: %s" !BADKEY=/home/zhugehyuk/clawd/mission-control/.beads/issues.jsonl
time=2026-02-20T05:36:41.941+09:00 level=INFO msg="Import triggered by file change"
time=2026-02-20T05:36:41.941+09:00 level=INFO msg="Starting %s..." !BADKEY=auto-import
time=2026-02-20T05:36:41.942+09:00 level=INFO msg="JSONL content changed, proceeding with %s..." !BADKEY=auto-import
time=2026-02-20T05:36:42.400+09:00 level=INFO msg="Pull failed: %v (backoff: %v)" !BADKEY="git pull failed: exit status 1\nfatal: couldn't find remote ref feat/mc-b1j.13-bd-unit-tests\n" !BADKEY=2m0s
time=2026-02-20T05:36:49.443+09:00 level=INFO msg="File change detected: %s" !BADKEY=/home/zhugehyuk/clawd/mission-control/.beads/issues.jsonl
time=2026-02-20T05:36:49.443+09:00 level=INFO msg="JSONL removed/renamed, re-establishing watch"
time=2026-02-20T05:36:49.493+09:00 level=INFO msg="Successfully re-established JSONL watch after %v" !BADKEY=50ms
time=2026-02-20T05:36:49.493+09:00 level=INFO msg="JSONL file created: %s" !BADKEY=/home/zhugehyuk/clawd/mission-control/.beads/issues.jsonl
time=2026-02-20T05:36:50.495+09:00 level=INFO msg="Import triggered by file change"
time=2026-02-20T05:36:50.496+09:00 level=INFO msg="Skipping %s: in backoff period" !BADKEY=auto-import
time=2026-02-20T05:37:39.423+09:00 level=INFO msg="JSONL file created: %s" !BADKEY=/home/zhugehyuk/clawd/mission-control/.beads/issues.jsonl
time=2026-02-20T05:37:39.423+09:00 level=INFO msg="File change detected: %s" !BADKEY=/home/zhugehyuk/clawd/mission-control/.beads/issues.jsonl
time=2026-02-20T05:37:40.423+09:00 level=INFO msg="Import triggered by file change"
time=2026-02-20T05:37:40.425+09:00 level=INFO msg="Skipping %s: in backoff period" !BADKEY=auto-import
time=2026-02-20T05:38:06.880+09:00 level=INFO msg="Mutation detected: %s %s" comment=mc-b1j.1
time=2026-02-20T05:38:07.383+09:00 level=INFO msg="Export triggered by mutation events"
time=2026-02-20T05:38:07.383+09:00 level=INFO msg="Starting %s..." !BADKEY=export
time=2026-02-20T05:38:07.388+09:00 level=INFO msg="JSONL file created: %s" !BADKEY=/home/zhugehyuk/clawd/mission-control/.beads/issues.jsonl
time=2026-02-20T05:38:07.390+09:00 level=INFO msg="Exported to JSONL"
time=2026-02-20T05:38:07.390+09:00 level=INFO msg="Export complete"
time=2026-02-20T05:38:08.393+09:00 level=INFO msg="Import triggered by file change"
time=2026-02-20T05:38:08.394+09:00 level=INFO msg="Skipping %s: in backoff period" !BADKEY=auto-import
time=2026-02-20T05:38:12.020+09:00 level=INFO msg="Mutation detected: %s %s" comment=mc-b1j.2
time=2026-02-20T05:38:12.521+09:00 level=INFO msg="Export triggered by mutation events"
time=2026-02-20T05:38:12.522+09:00 level=INFO msg="Starting %s..." !BADKEY=export
time=2026-02-20T05:38:12.523+09:00 level=INFO msg="Pre-export validation failed: %v" !BADKEY="refusing to export: JSONL content has changed since last import (import first to avoid data loss)"
time=2026-02-20T05:38:17.296+09:00 level=INFO msg="Mutation detected: %s %s" comment=mc-b1j.13
time=2026-02-20T05:38:17.799+09:00 level=INFO msg="Export triggered by mutation events"
time=2026-02-20T05:38:17.800+09:00 level=INFO msg="Starting %s..." !BADKEY=export
time=2026-02-20T05:38:17.801+09:00 level=INFO msg="Pre-export validation failed: %v" !BADKEY="refusing to export: JSONL content has changed since last import (import first to avoid data loss)"
time=2026-02-20T05:38:24.886+09:00 level=INFO msg="Mutation detected: %s %s" comment=mc-3tn
time=2026-02-20T05:38:25.388+09:00 level=INFO msg="Export triggered by mutation events"
time=2026-02-20T05:38:25.388+09:00 level=INFO msg="Starting %s..." !BADKEY=export
time=2026-02-20T05:38:25.389+09:00 level=INFO msg="Pre-export validation failed: %v" !BADKEY="refusing to export: JSONL content has changed since last import (import first to avoid data loss)"
time=2026-02-20T05:39:10.241+09:00 level=INFO msg="Mutation detected: %s %s" status=mc-b1j.1
time=2026-02-20T05:39:10.268+09:00 level=INFO msg="Mutation detected: %s %s" status=mc-b1j.2
time=2026-02-20T05:39:10.295+09:00 level=INFO msg="Mutation detected: %s %s" status=mc-b1j.13
time=2026-02-20T05:39:10.350+09:00 level=INFO msg="Mutation detected: %s %s" status=mc-3tn
time=2026-02-20T05:39:10.851+09:00 level=INFO msg="Export triggered by mutation events"
time=2026-02-20T05:39:10.851+09:00 level=INFO msg="Starting %s..." !BADKEY=export
time=2026-02-20T05:39:10.852+09:00 level=INFO msg="Pre-export validation failed: %v" !BADKEY="refusing to export: JSONL content has changed since last import (import first to avoid data loss)"
time=2026-02-20T08:13:49.402+09:00 level=INFO msg="Mutation detected: %s %s" comment=mc-p7w
time=2026-02-20T08:13:49.902+09:00 level=INFO msg="Export triggered by mutation events"
time=2026-02-20T08:13:49.903+09:00 level=INFO msg="Starting %s..." !BADKEY=export
time=2026-02-20T08:13:49.913+09:00 level=INFO msg="Pre-export validation failed: %v" !BADKEY="refusing to export: JSONL content has changed since last import (import first to avoid data loss)"
time=2026-02-20T10:55:30.116+09:00 level=INFO msg="Mutation detected: %s %s" status=mc-b1j.3
time=2026-02-20T10:55:30.145+09:00 level=INFO msg="Mutation detected: %s %s" status=mc-b1j.15
time=2026-02-20T10:55:30.645+09:00 level=INFO msg="Export triggered by mutation events"
time=2026-02-20T10:55:30.646+09:00 level=INFO msg="Starting %s..." !BADKEY=export
time=2026-02-20T10:55:30.647+09:00 level=INFO msg="Pre-export validation failed: %v" !BADKEY="refusing to export: JSONL content has changed since last import (import first to avoid data loss)"
time=2026-02-20T10:55:41.894+09:00 level=INFO msg="Mutation detected: %s %s" comment=mc-b1j
time=2026-02-20T10:55:42.395+09:00 level=INFO msg="Export triggered by mutation events"
time=2026-02-20T10:55:42.395+09:00 level=INFO msg="Starting %s..." !BADKEY=export
time=2026-02-20T10:55:42.395+09:00 level=INFO msg="Pre-export validation failed: %v" !BADKEY="refusing to export: JSONL content has changed since last import (import first to avoid data loss)"
time=2026-02-20T10:59:04.100+09:00 level=INFO msg="JSONL file created: %s" !BADKEY=/home/zhugehyuk/clawd/mission-control/.beads/issues.jsonl
time=2026-02-20T10:59:04.100+09:00 level=INFO msg="File change detected: %s" !BADKEY=/home/zhugehyuk/clawd/mission-control/.beads/issues.jsonl
time=2026-02-20T10:59:05.100+09:00 level=INFO msg="Import triggered by file change"
time=2026-02-20T10:59:05.101+09:00 level=INFO msg="Starting %s..." !BADKEY=auto-import
time=2026-02-20T10:59:05.102+09:00 level=INFO msg="JSONL content changed, proceeding with %s..." !BADKEY=auto-import
time=2026-02-20T10:59:05.640+09:00 level=INFO msg="Pull failed: %v (backoff: %v)" !BADKEY="git pull failed: exit status 1\nfatal: couldn't find remote ref feat/mc-b1j.13-bd-unit-tests\n" !BADKEY=5m0s
time=2026-02-20T10:59:12.226+09:00 level=INFO msg="File change detected: %s" !BADKEY=/home/zhugehyuk/clawd/mission-control/.beads/issues.jsonl
time=2026-02-20T10:59:12.226+09:00 level=INFO msg="JSONL removed/renamed, re-establishing watch"
time=2026-02-20T10:59:12.277+09:00 level=INFO msg="Successfully re-established JSONL watch after %v" !BADKEY=50ms
time=2026-02-20T10:59:12.277+09:00 level=INFO msg="JSONL file created: %s" !BADKEY=/home/zhugehyuk/clawd/mission-control/.beads/issues.jsonl
time=2026-02-20T10:59:12.724+09:00 level=INFO msg="JSONL removed/renamed, re-establishing watch"
time=2026-02-20T10:59:12.775+09:00 level=INFO msg="Successfully re-established JSONL watch after %v" !BADKEY=50ms
time=2026-02-20T10:59:12.775+09:00 level=INFO msg="JSONL file created: %s" !BADKEY=/home/zhugehyuk/clawd/mission-control/.beads/issues.jsonl
time=2026-02-20T10:59:12.775+09:00 level=INFO msg="File change detected: %s" !BADKEY=/home/zhugehyuk/clawd/mission-control/.beads/issues.jsonl
time=2026-02-20T10:59:12.775+09:00 level=INFO msg="Git ref change detected: %s" !BADKEY=/home/zhugehyuk/clawd/mission-control/.git/refs/heads/main.lock
time=2026-02-20T10:59:12.797+09:00 level=INFO msg="JSONL removed/renamed, re-establishing watch"
time=2026-02-20T10:59:12.847+09:00 level=INFO msg="Successfully re-established JSONL watch after %v" !BADKEY=50ms
time=2026-02-20T10:59:12.847+09:00 level=INFO msg="JSONL file created: %s" !BADKEY=/home/zhugehyuk/clawd/mission-control/.beads/issues.jsonl
time=2026-02-20T10:59:13.849+09:00 level=INFO msg="Import triggered by file change"
time=2026-02-20T10:59:13.850+09:00 level=INFO msg="Skipping %s: in backoff period" !BADKEY=auto-import
time=2026-02-20T11:02:14.632+09:00 level=INFO msg="Mutation detected: %s %s" comment=mc-b1j.15
time=2026-02-20T11:02:15.133+09:00 level=INFO msg="Export triggered by mutation events"
time=2026-02-20T11:02:15.133+09:00 level=INFO msg="Starting %s..." !BADKEY=export
time=2026-02-20T11:02:15.139+09:00 level=INFO msg="JSONL file created: %s" !BADKEY=/home/zhugehyuk/clawd/mission-control/.beads/issues.jsonl
time=2026-02-20T11:02:15.141+09:00 level=INFO msg="Exported to JSONL"
time=2026-02-20T11:02:15.141+09:00 level=INFO msg="Export complete"
time=2026-02-20T11:02:16.141+09:00 level=INFO msg="Import triggered by file change"
time=2026-02-20T11:02:16.141+09:00 level=INFO msg="Skipping %s: in backoff period" !BADKEY=auto-import
time=2026-02-20T11:05:49.100+09:00 level=INFO msg="Mutation detected: %s %s" comment=mc-b1j.3
time=2026-02-20T11:05:49.601+09:00 level=INFO msg="Export triggered by mutation events"
time=2026-02-20T11:05:49.601+09:00 level=INFO msg="Starting %s..." !BADKEY=export
time=2026-02-20T11:05:49.602+09:00 level=INFO msg="Pre-export validation failed: %v" !BADKEY="refusing to export: JSONL content has changed since last import (import first to avoid data loss)"
time=2026-02-20T11:06:24.300+09:00 level=INFO msg="Mutation detected: %s %s" status=mc-b1j.15
time=2026-02-20T11:06:24.338+09:00 level=INFO msg="Mutation detected: %s %s" status=mc-b1j.3
time=2026-02-20T11:06:24.838+09:00 level=INFO msg="Export triggered by mutation events"
time=2026-02-20T11:06:24.839+09:00 level=INFO msg="Starting %s..." !BADKEY=export
time=2026-02-20T11:06:24.840+09:00 level=INFO msg="Pre-export validation failed: %v" !BADKEY="refusing to export: JSONL content has changed since last import (import first to avoid data loss)"
time=2026-02-20T11:06:54.010+09:00 level=INFO msg="Mutation detected: %s %s" status=mc-b1j.15
time=2026-02-20T11:06:54.036+09:00 level=INFO msg="Mutation detected: %s %s" status=mc-b1j.3
time=2026-02-20T11:06:54.229+09:00 level=INFO msg="Mutation detected: %s %s" create=mc-msc
time=2026-02-20T11:06:54.729+09:00 level=INFO msg="Export triggered by mutation events"
time=2026-02-20T11:06:54.730+09:00 level=INFO msg="Starting %s..." !BADKEY=export
time=2026-02-20T11:06:54.730+09:00 level=INFO msg="Pre-export validation failed: %v" !BADKEY="refusing to export: JSONL content has changed since last import (import first to avoid data loss)"
time=2026-02-20T11:07:01.672+09:00 level=INFO msg="Mutation detected: %s %s" comment=mc-p7w
time=2026-02-20T11:07:02.173+09:00 level=INFO msg="Export triggered by mutation events"
time=2026-02-20T11:07:02.173+09:00 level=INFO msg="Starting %s..." !BADKEY=export
time=2026-02-20T11:07:02.173+09:00 level=INFO msg="Pre-export validation failed: %v" !BADKEY="refusing to export: JSONL content has changed since last import (import first to avoid data loss)"
time=2026-02-20T11:08:51.427+09:00 level=INFO msg="Mutation detected: %s %s" comment=mc-b1j
time=2026-02-20T11:08:51.928+09:00 level=INFO msg="Export triggered by mutation events"
time=2026-02-20T11:08:51.928+09:00 level=INFO msg="Starting %s..." !BADKEY=export
time=2026-02-20T11:08:51.928+09:00 level=INFO msg="Pre-export validation failed: %v" !BADKEY="refusing to export: JSONL content has changed since last import (import first to avoid data loss)"
time=2026-02-20T11:10:09.271+09:00 level=INFO msg="JSONL file created: %s" !BADKEY=/home/zhugehyuk/clawd/mission-control/.beads/issues.jsonl
time=2026-02-20T11:10:09.272+09:00 level=INFO msg="File change detected: %s" !BADKEY=/home/zhugehyuk/clawd/mission-control/.beads/issues.jsonl
time=2026-02-20T11:10:10.272+09:00 level=INFO msg="Import triggered by file change"
time=2026-02-20T11:10:10.283+09:00 level=INFO msg="Starting %s..." !BADKEY=auto-import
time=2026-02-20T11:10:10.283+09:00 level=INFO msg="JSONL content changed, proceeding with %s..." !BADKEY=auto-import
time=2026-02-20T11:10:10.883+09:00 level=INFO msg="Pull failed: %v (backoff: %v)" !BADKEY="git pull failed: exit status 1\nfatal: couldn't find remote ref feat/mc-b1j.15-error-loading-states\n" !BADKEY=10m0s
time=2026-02-20T11:10:30.515+09:00 level=INFO msg="File change detected: %s" !BADKEY=/home/zhugehyuk/clawd/mission-control/.beads/issues.jsonl
time=2026-02-20T11:10:30.515+09:00 level=INFO msg="JSONL removed/renamed, re-establishing watch"
time=2026-02-20T11:10:30.565+09:00 level=INFO msg="Successfully re-established JSONL watch after %v" !BADKEY=50ms
time=2026-02-20T11:10:30.565+09:00 level=INFO msg="JSONL file created: %s" !BADKEY=/home/zhugehyuk/clawd/mission-control/.beads/issues.jsonl
time=2026-02-20T11:10:31.567+09:00 level=INFO msg="Import triggered by file change"
time=2026-02-20T11:10:31.567+09:00 level=INFO msg="Skipping %s: in backoff period" !BADKEY=auto-import
time=2026-02-20T11:11:42.908+09:00 level=INFO msg="JSONL file created: %s" !BADKEY=/home/zhugehyuk/clawd/mission-control/.beads/issues.jsonl
time=2026-02-20T11:11:42.908+09:00 level=INFO msg="File change detected: %s" !BADKEY=/home/zhugehyuk/clawd/mission-control/.beads/issues.jsonl
time=2026-02-20T11:11:43.909+09:00 level=INFO msg="Import triggered by file change"
time=2026-02-20T11:11:43.910+09:00 level=INFO msg="Skipping %s: in backoff period" !BADKEY=auto-import
time=2026-02-20T11:12:14.364+09:00 level=INFO msg="Mutation detected: %s %s" comment=mc-b1j.15
time=2026-02-20T11:12:14.865+09:00 level=INFO msg="Export triggered by mutation events"
time=2026-02-20T11:12:14.865+09:00 level=INFO msg="Starting %s..." !BADKEY=export
time=2026-02-20T11:12:14.865+09:00 level=INFO msg="Pre-export validation failed: %v" !BADKEY="refusing to export: JSONL content has changed since last import (import first to avoid data loss)"
time=2026-02-20T11:12:20.246+09:00 level=INFO msg="Mutation detected: %s %s" comment=mc-b1j.3
time=2026-02-20T11:12:20.747+09:00 level=INFO msg="Export triggered by mutation events"
time=2026-02-20T11:12:20.747+09:00 level=INFO msg="Starting %s..." !BADKEY=export
time=2026-02-20T11:12:20.748+09:00 level=INFO msg="Pre-export validation failed: %v" !BADKEY="refusing to export: JSONL content has changed since last import (import first to avoid data loss)"
time=2026-02-20T11:12:28.498+09:00 level=INFO msg="Mutation detected: %s %s" comment=mc-msc
time=2026-02-20T11:12:28.999+09:00 level=INFO msg="Export triggered by mutation events"
time=2026-02-20T11:12:28.999+09:00 level=INFO msg="Starting %s..." !BADKEY=export
time=2026-02-20T11:12:29.000+09:00 level=INFO msg="Pre-export validation failed: %v" !BADKEY="refusing to export: JSONL content has changed since last import (import first to avoid data loss)"
time=2026-02-20T11:12:32.159+09:00 level=INFO msg="JSONL file created: %s" !BADKEY=/home/zhugehyuk/clawd/mission-control/.beads/issues.jsonl
time=2026-02-20T11:12:32.159+09:00 level=INFO msg="File change detected: %s" !BADKEY=/home/zhugehyuk/clawd/mission-control/.beads/issues.jsonl
time=2026-02-20T11:12:33.160+09:00 level=INFO msg="Import triggered by file change"
time=2026-02-20T11:12:33.170+09:00 level=INFO msg="Skipping %s: in backoff period" !BADKEY=auto-import
time=2026-02-20T11:13:16.113+09:00 level=INFO msg="Mutation detected: %s %s" status=mc-b1j.15
time=2026-02-20T11:13:16.141+09:00 level=INFO msg="Mutation detected: %s %s" status=mc-b1j.3
time=2026-02-20T11:13:16.169+09:00 level=INFO msg="Mutation detected: %s %s" status=mc-msc
time=2026-02-20T11:13:16.277+09:00 level=INFO msg="Mutation detected: %s %s" comment=mc-p7w
time=2026-02-20T11:13:16.778+09:00 level=INFO msg="Export triggered by mutation events"
time=2026-02-20T11:13:16.779+09:00 level=INFO msg="Starting %s..." !BADKEY=export
time=2026-02-20T11:13:16.779+09:00 level=INFO msg="Pre-export validation failed: %v" !BADKEY="refusing to export: JSONL content has changed since last import (import first to avoid data loss)"
time=2026-02-20T11:20:15.091+09:00 level=INFO msg="Mutation detected: %s %s" status=mc-b1j.4
time=2026-02-20T11:20:15.119+09:00 level=INFO msg="Mutation detected: %s %s" status=mc-b1j.5
time=2026-02-20T11:20:15.619+09:00 level=INFO msg="Export triggered by mutation events"
time=2026-02-20T11:20:15.620+09:00 level=INFO msg="Starting %s..." !BADKEY=export
time=2026-02-20T11:20:15.621+09:00 level=INFO msg="Pre-export validation failed: %v" !BADKEY="refusing to export: JSONL content has changed since last import (import first to avoid data loss)"
time=2026-02-20T11:20:25.300+09:00 level=INFO msg="Mutation detected: %s %s" comment=mc-b1j
time=2026-02-20T11:20:25.800+09:00 level=INFO msg="Export triggered by mutation events"
time=2026-02-20T11:20:25.801+09:00 level=INFO msg="Starting %s..." !BADKEY=export
time=2026-02-20T11:20:25.801+09:00 level=INFO msg="Pre-export validation failed: %v" !BADKEY="refusing to export: JSONL content has changed since last import (import first to avoid data loss)"
time=2026-02-20T11:27:53.347+09:00 level=INFO msg="Mutation detected: %s %s" status=mc-b1j.4
time=2026-02-20T11:27:53.376+09:00 level=INFO msg="Mutation detected: %s %s" status=mc-b1j.5
time=2026-02-20T11:27:53.876+09:00 level=INFO msg="Export triggered by mutation events"
time=2026-02-20T11:27:53.876+09:00 level=INFO msg="Starting %s..." !BADKEY=export
time=2026-02-20T11:27:53.878+09:00 level=INFO msg="Pre-export validation failed: %v" !BADKEY="refusing to export: JSONL content has changed since last import (import first to avoid data loss)"
time=2026-02-20T11:28:01.505+09:00 level=INFO msg="Mutation detected: %s %s" create=mc-xbb
time=2026-02-20T11:28:02.006+09:00 level=INFO msg="Export triggered by mutation events"
time=2026-02-20T11:28:02.007+09:00 level=INFO msg="Starting %s..." !BADKEY=export
time=2026-02-20T11:28:02.008+09:00 level=INFO msg="Pre-export validation failed: %v" !BADKEY="refusing to export: JSONL content has changed since last import (import first to avoid data loss)"
time=2026-02-20T11:28:11.479+09:00 level=INFO msg="Mutation detected: %s %s" comment=mc-p7w
time=2026-02-20T11:28:11.980+09:00 level=INFO msg="Export triggered by mutation events"
time=2026-02-20T11:28:11.980+09:00 level=INFO msg="Starting %s..." !BADKEY=export
time=2026-02-20T11:28:11.981+09:00 level=INFO msg="Pre-export validation failed: %v" !BADKEY="refusing to export: JSONL content has changed since last import (import first to avoid data loss)"
time=2026-02-20T11:28:50.953+09:00 level=INFO msg="Mutation detected: %s %s" comment=mc-b1j
time=2026-02-20T11:28:51.454+09:00 level=INFO msg="Export triggered by mutation events"
time=2026-02-20T11:28:51.454+09:00 level=INFO msg="Starting %s..." !BADKEY=export
time=2026-02-20T11:28:51.455+09:00 level=INFO msg="Pre-export validation failed: %v" !BADKEY="refusing to export: JSONL content has changed since last import (import first to avoid data loss)"
time=2026-02-20T11:28:57.263+09:00 level=INFO msg="File change detected: %s" !BADKEY=/home/zhugehyuk/clawd/mission-control/.beads/issues.jsonl
time=2026-02-20T11:28:57.263+09:00 level=INFO msg="JSONL removed/renamed, re-establishing watch"
time=2026-02-20T11:28:57.314+09:00 level=INFO msg="Successfully re-established JSONL watch after %v" !BADKEY=50ms
time=2026-02-20T11:28:57.314+09:00 level=INFO msg="JSONL file created: %s" !BADKEY=/home/zhugehyuk/clawd/mission-control/.beads/issues.jsonl
time=2026-02-20T11:28:57.314+09:00 level=INFO msg="JSONL removed/renamed, re-establishing watch"
time=2026-02-20T11:28:57.364+09:00 level=INFO msg="Successfully re-established JSONL watch after %v" !BADKEY=50ms
time=2026-02-20T11:28:57.364+09:00 level=INFO msg="JSONL file created: %s" !BADKEY=/home/zhugehyuk/clawd/mission-control/.beads/issues.jsonl
time=2026-02-20T11:28:58.104+09:00 level=INFO msg="File change detected: %s" !BADKEY=/home/zhugehyuk/clawd/mission-control/.beads/issues.jsonl
time=2026-02-20T11:28:58.104+09:00 level=INFO msg="JSONL removed/renamed, re-establishing watch"
time=2026-02-20T11:28:58.154+09:00 level=INFO msg="Successfully re-established JSONL watch after %v" !BADKEY=50ms
time=2026-02-20T11:28:58.154+09:00 level=INFO msg="JSONL file created: %s" !BADKEY=/home/zhugehyuk/clawd/mission-control/.beads/issues.jsonl
time=2026-02-20T11:28:58.154+09:00 level=INFO msg="Git ref change detected: %s" !BADKEY=/home/zhugehyuk/clawd/mission-control/.git/refs/heads/main.lock
time=2026-02-20T11:28:58.366+09:00 level=INFO msg="Import triggered by file change"
time=2026-02-20T11:28:58.368+09:00 level=INFO msg="Starting %s..." !BADKEY=auto-import
time=2026-02-20T11:28:58.368+09:00 level=INFO msg="Skipping %s: JSONL content unchanged" !BADKEY=auto-import
time=2026-02-20T11:28:59.155+09:00 level=INFO msg="Import triggered by file change"
time=2026-02-20T11:28:59.155+09:00 level=INFO msg="Starting %s..." !BADKEY=auto-import
time=2026-02-20T11:28:59.155+09:00 level=INFO msg="Skipping %s: JSONL content unchanged" !BADKEY=auto-import
time=2026-02-20T11:29:29.432+09:00 level=INFO msg="JSONL file created: %s" !BADKEY=/home/zhugehyuk/clawd/mission-control/.beads/issues.jsonl
time=2026-02-20T11:29:29.432+09:00 level=INFO msg="File change detected: %s" !BADKEY=/home/zhugehyuk/clawd/mission-control/.beads/issues.jsonl
time=2026-02-20T11:29:30.434+09:00 level=INFO msg="Import triggered by file change"
time=2026-02-20T11:29:30.435+09:00 level=INFO msg="Starting %s..." !BADKEY=auto-import
time=2026-02-20T11:29:30.435+09:00 level=INFO msg="JSONL content changed, proceeding with %s..." !BADKEY=auto-import
time=2026-02-20T11:29:30.900+09:00 level=INFO msg="Pull failed: %v (backoff: %v)" !BADKEY="git pull failed: exit status 1\nfatal: couldn't find remote ref feat/mc-b1j.4-lane-counts\n" !BADKEY=30m0s
time=2026-02-20T11:29:47.095+09:00 level=INFO msg="File change detected: %s" !BADKEY=/home/zhugehyuk/clawd/mission-control/.beads/issues.jsonl
time=2026-02-20T11:29:47.095+09:00 level=INFO msg="JSONL removed/renamed, re-establishing watch"
time=2026-02-20T11:29:47.146+09:00 level=INFO msg="Successfully re-established JSONL watch after %v" !BADKEY=50ms
time=2026-02-20T11:29:47.146+09:00 level=INFO msg="JSONL file created: %s" !BADKEY=/home/zhugehyuk/clawd/mission-control/.beads/issues.jsonl
time=2026-02-20T11:29:48.148+09:00 level=INFO msg="Import triggered by file change"
time=2026-02-20T11:29:48.148+09:00 level=INFO msg="Skipping %s: in backoff period" !BADKEY=auto-import
time=2026-02-20T11:30:19.288+09:00 level=INFO msg="JSONL file created: %s" !BADKEY=/home/zhugehyuk/clawd/mission-control/.beads/issues.jsonl
time=2026-02-20T11:30:19.288+09:00 level=INFO msg="File change detected: %s" !BADKEY=/home/zhugehyuk/clawd/mission-control/.beads/issues.jsonl
time=2026-02-20T11:30:20.289+09:00 level=INFO msg="Import triggered by file change"
time=2026-02-20T11:30:20.290+09:00 level=INFO msg="Skipping %s: in backoff period" !BADKEY=auto-import
time=2026-02-20T11:30:44.195+09:00 level=INFO msg="Mutation detected: %s %s" comment=mc-b1j.4
time=2026-02-20T11:30:44.696+09:00 level=INFO msg="Export triggered by mutation events"
time=2026-02-20T11:30:44.696+09:00 level=INFO msg="Starting %s..." !BADKEY=export
time=2026-02-20T11:30:44.703+09:00 level=INFO msg="JSONL file created: %s" !BADKEY=/home/zhugehyuk/clawd/mission-control/.beads/issues.jsonl
time=2026-02-20T11:30:44.705+09:00 level=INFO msg="Exported to JSONL"
time=2026-02-20T11:30:44.705+09:00 level=INFO msg="Export complete"
time=2026-02-20T11:30:45.704+09:00 level=INFO msg="Import triggered by file change"
time=2026-02-20T11:30:45.706+09:00 level=INFO msg="Skipping %s: in backoff period" !BADKEY=auto-import
time=2026-02-20T11:30:49.967+09:00 level=INFO msg="Mutation detected: %s %s" comment=mc-b1j.5
time=2026-02-20T11:30:50.467+09:00 level=INFO msg="Export triggered by mutation events"
time=2026-02-20T11:30:50.468+09:00 level=INFO msg="Starting %s..." !BADKEY=export
time=2026-02-20T11:30:50.468+09:00 level=INFO msg="Pre-export validation failed: %v" !BADKEY="refusing to export: JSONL content has changed since last import (import first to avoid data loss)"
time=2026-02-20T11:30:56.423+09:00 level=INFO msg="Mutation detected: %s %s" comment=mc-xbb
time=2026-02-20T11:30:56.924+09:00 level=INFO msg="Export triggered by mutation events"
time=2026-02-20T11:30:56.924+09:00 level=INFO msg="Starting %s..." !BADKEY=export
time=2026-02-20T11:30:56.925+09:00 level=INFO msg="Pre-export validation failed: %v" !BADKEY="refusing to export: JSONL content has changed since last import (import first to avoid data loss)"
time=2026-02-20T11:31:10.657+09:00 level=INFO msg="Mutation detected: %s %s" comment=mc-xbb
time=2026-02-20T11:31:11.157+09:00 level=INFO msg="Export triggered by mutation events"
time=2026-02-20T11:31:11.157+09:00 level=INFO msg="Starting %s..." !BADKEY=export
time=2026-02-20T11:31:11.158+09:00 level=INFO msg="Pre-export validation failed: %v" !BADKEY="refusing to export: JSONL content has changed since last import (import first to avoid data loss)"
time=2026-02-20T11:31:16.577+09:00 level=INFO msg="Mutation detected: %s %s" comment=mc-p7w
time=2026-02-20T11:31:17.078+09:00 level=INFO msg="Export triggered by mutation events"
time=2026-02-20T11:31:17.079+09:00 level=INFO msg="Starting %s..." !BADKEY=export
time=2026-02-20T11:31:17.079+09:00 level=INFO msg="Pre-export validation failed: %v" !BADKEY="refusing to export: JSONL content has changed since last import (import first to avoid data loss)"
time=2026-02-20T11:31:43.864+09:00 level=INFO msg="Mutation detected: %s %s" status=mc-b1j.4
time=2026-02-20T11:31:43.891+09:00 level=INFO msg="Mutation detected: %s %s" status=mc-b1j.5
time=2026-02-20T11:31:43.918+09:00 level=INFO msg="Mutation detected: %s %s" status=mc-xbb
time=2026-02-20T11:31:44.012+09:00 level=INFO msg="Mutation detected: %s %s" comment=mc-p7w
time=2026-02-20T11:31:44.512+09:00 level=INFO msg="Export triggered by mutation events"
time=2026-02-20T11:31:44.513+09:00 level=INFO msg="Starting %s..." !BADKEY=export
time=2026-02-20T11:31:44.514+09:00 level=INFO msg="Pre-export validation failed: %v" !BADKEY="refusing to export: JSONL content has changed since last import (import first to avoid data loss)"
time=2026-02-20T11:33:07.885+09:00 level=INFO msg="Mutation detected: %s %s" comment=mc-p7w
time=2026-02-20T11:33:08.386+09:00 level=INFO msg="Export triggered by mutation events"
time=2026-02-20T11:33:08.387+09:00 level=INFO msg="Starting %s..." !BADKEY=export
time=2026-02-20T11:33:08.387+09:00 level=INFO msg="Pre-export validation failed: %v" !BADKEY="refusing to export: JSONL content has changed since last import (import first to avoid data loss)"
time=2026-02-20T11:48:52.906+09:00 level=INFO msg="Mutation detected: %s %s" comment=mc-p7w
time=2026-02-20T11:48:53.407+09:00 level=INFO msg="Export triggered by mutation events"
time=2026-02-20T11:48:53.407+09:00 level=INFO msg="Starting %s..." !BADKEY=export
time=2026-02-20T11:48:53.416+09:00 level=INFO msg="Pre-export validation failed: %v" !BADKEY="refusing to export: JSONL content has changed since last import (import first to avoid data loss)"
time=2026-02-20T11:50:53.031+09:00 level=INFO msg="Mutation detected: %s %s" comment=mc-p7w
time=2026-02-20T11:50:53.531+09:00 level=INFO msg="Export triggered by mutation events"
time=2026-02-20T11:50:53.531+09:00 level=INFO msg="Starting %s..." !BADKEY=export
time=2026-02-20T11:50:53.532+09:00 level=INFO msg="Pre-export validation failed: %v" !BADKEY="refusing to export: JSONL content has changed since last import (import first to avoid data loss)"
time=2026-02-20T11:56:46.447+09:00 level=INFO msg="Mutation detected: %s %s" status=mc-6yy.1
time=2026-02-20T11:56:46.948+09:00 level=INFO msg="Export triggered by mutation events"
time=2026-02-20T11:56:46.949+09:00 level=INFO msg="Starting %s..." !BADKEY=export
time=2026-02-20T11:56:46.958+09:00 level=INFO msg="Pre-export validation failed: %v" !BADKEY="refusing to export: JSONL content has changed since last import (import first to avoid data loss)"
time=2026-02-20T11:56:48.172+09:00 level=INFO msg="Mutation detected: %s %s" status=mc-b1j.8
time=2026-02-20T11:56:48.672+09:00 level=INFO msg="Export triggered by mutation events"
time=2026-02-20T11:56:48.673+09:00 level=INFO msg="Starting %s..." !BADKEY=export
time=2026-02-20T11:56:48.673+09:00 level=INFO msg="Pre-export validation failed: %v" !BADKEY="refusing to export: JSONL content has changed since last import (import first to avoid data loss)"
time=2026-02-20T11:57:11.237+09:00 level=INFO msg="Mutation detected: %s %s" comment=mc-b1j
time=2026-02-20T11:57:11.425+09:00 level=INFO msg="File change detected: %s" !BADKEY=/home/zhugehyuk/clawd/mission-control/.beads/issues.jsonl
time=2026-02-20T11:57:11.425+09:00 level=INFO msg="JSONL removed/renamed, re-establishing watch"
time=2026-02-20T11:57:11.476+09:00 level=INFO msg="Successfully re-established JSONL watch after %v" !BADKEY=50ms
time=2026-02-20T11:57:11.476+09:00 level=INFO msg="JSONL file created: %s" !BADKEY=/home/zhugehyuk/clawd/mission-control/.beads/issues.jsonl
time=2026-02-20T11:57:11.476+09:00 level=INFO msg="JSONL removed/renamed, re-establishing watch"
time=2026-02-20T11:57:11.526+09:00 level=INFO msg="Successfully re-established JSONL watch after %v" !BADKEY=50ms
time=2026-02-20T11:57:11.526+09:00 level=INFO msg="JSONL file created: %s" !BADKEY=/home/zhugehyuk/clawd/mission-control/.beads/issues.jsonl
time=2026-02-20T11:57:11.738+09:00 level=INFO msg="Export triggered by mutation events"
time=2026-02-20T11:57:11.738+09:00 level=INFO msg="Starting %s..." !BADKEY=export
time=2026-02-20T11:57:11.739+09:00 level=INFO msg="Pre-export validation failed: %v" !BADKEY="refusing to export: JSONL content has changed since last import (import first to avoid data loss)"
time=2026-02-20T11:57:12.176+09:00 level=INFO msg="File change detected: %s" !BADKEY=/home/zhugehyuk/clawd/mission-control/.beads/issues.jsonl
time=2026-02-20T11:57:12.176+09:00 level=INFO msg="JSONL removed/renamed, re-establishing watch"
time=2026-02-20T11:57:12.227+09:00 level=INFO msg="Successfully re-established JSONL watch after %v" !BADKEY=50ms
time=2026-02-20T11:57:12.227+09:00 level=INFO msg="JSONL file created: %s" !BADKEY=/home/zhugehyuk/clawd/mission-control/.beads/issues.jsonl
time=2026-02-20T11:57:12.227+09:00 level=INFO msg="Git ref change detected: %s" !BADKEY=/home/zhugehyuk/clawd/mission-control/.git/refs/heads/main.lock
time=2026-02-20T11:57:12.527+09:00 level=INFO msg="Import triggered by file change"
time=2026-02-20T11:57:12.530+09:00 level=INFO msg="Skipping %s: in backoff period" !BADKEY=auto-import
time=2026-02-20T11:57:13.228+09:00 level=INFO msg="Import triggered by file change"
time=2026-02-20T11:57:13.229+09:00 level=INFO msg="Skipping %s: in backoff period" !BADKEY=auto-import
time=2026-02-20T11:58:29.450+09:00 level=INFO msg="JSONL file created: %s" !BADKEY=/home/zhugehyuk/clawd/mission-control/.beads/issues.jsonl
time=2026-02-20T11:58:29.451+09:00 level=INFO msg="File change detected: %s" !BADKEY=/home/zhugehyuk/clawd/mission-control/.beads/issues.jsonl
time=2026-02-20T11:58:30.451+09:00 level=INFO msg="Import triggered by file change"
time=2026-02-20T11:58:30.453+09:00 level=INFO msg="Skipping %s: in backoff period" !BADKEY=auto-import
time=2026-02-20T11:59:23.786+09:00 level=INFO msg="Mutation detected: %s %s" comment=mc-p7w
time=2026-02-20T11:59:23.810+09:00 level=INFO msg="Mutation detected: %s %s" create=mc-4v6
time=2026-02-20T11:59:24.311+09:00 level=INFO msg="Export triggered by mutation events"
time=2026-02-20T11:59:24.311+09:00 level=INFO msg="Starting %s..." !BADKEY=export
time=2026-02-20T11:59:24.316+09:00 level=INFO msg="JSONL file created: %s" !BADKEY=/home/zhugehyuk/clawd/mission-control/.beads/issues.jsonl
time=2026-02-20T11:59:24.316+09:00 level=INFO msg="File change detected: %s" !BADKEY=/home/zhugehyuk/clawd/mission-control/.beads/issues.jsonl
time=2026-02-20T11:59:24.319+09:00 level=INFO msg="Exported to JSONL"
time=2026-02-20T11:59:24.319+09:00 level=INFO msg="Export complete"
time=2026-02-20T11:59:25.318+09:00 level=INFO msg="Import triggered by file change"
time=2026-02-20T11:59:25.319+09:00 level=INFO msg="Skipping %s: in backoff period" !BADKEY=auto-import
